Series Name,Series Code,Country Name,Country Code,1960,1961,1962,1963,1964,1965,1966,1967,1968,1969,1970,1971,1972,1973,1974,1975,1976,1977,1978,1979,1980,1981,1982,1983,1984,1985,1986,1987,1988,1989,1990,1991,1992,1993,1994,1995,1996,1997,1998,1999,2000,2001,2002,2003,2004,2005,2006,2007,2008,2009,2010,2011,2012,2013,2014,2015,2016,2017,2018,2019
Average transaction cost of sending remittances from a specific country (%),SI.RMT.COST.OB.ZS,Afghanistan,AFG,,,,,,,,,,,,,,,,,,,,,,,,,,,,,,,,,,,,,,,,,,,,,,,,,,,,,,,,,,,,
Average transaction cost of sending remittances from a specific country (%),SI.RMT.COST.OB.ZS,Albania,ALB,,,,,,,,,,,,,,,,,,,,,,,,,,,,,,,,,,,,,,,,,,,,,,,,,,,,,,,,,,,,
Average transaction cost of sending remittances from a specific country (%),SI.RMT.COST.OB.ZS,Algeria,DZA,,,,,,,,,,,,,,,,,,,,,,,,,,,,,,,,,,,,,,,,,,,,,,,,,,,,,,,,,,,,
Average transaction cost of sending remittances from a specific country (%),SI.RMT.COST.OB.ZS,American Samoa,ASM,,,,,,,,,,,,,,,,,,,,,,,,,,,,,,,,,,,,,,,,,,,,,,,,,,,,,,,,,,,,
Average transaction cost of sending remittances from a specific country (%),SI.RMT.COST.OB.ZS,Andorra,AND,,,,,,,,,,,,,,,,,,,,,,,,,,,,,,,,,,,,,,,,,,,,,,,,,,,,,,,,,,,,
Average transaction cost of sending remittances from a specific country (%),SI.RMT.COST.OB.ZS,Angola,AGO,,,,,,,,,,,,,,,,,,,,,,,,,,,,,,,,,,,,,,,,,,,,,,,,,,,,,,,,,16.68805704,27.64125466,,
Average transaction cost of sending remittances from a specific country (%),SI.RMT.COST.OB.ZS,Antigua and Barbuda,ATG,,,,,,,,,,,,,,,,,,,,,,,,,,,,,,,,,,,,,,,,,,,,,,,,,,,,,,,,,,,,
Average transaction cost of sending remittances from a specific country (%),SI.RMT.COST.OB.ZS,Argentina,ARG,,,,,,,,,,,,,,,,,,,,,,,,,,,,,,,,,,,,,,,,,,,,,,,,,,,,,,,,,,,,
Average transaction cost of sending remittances from a specific country (%),SI.RMT.COST.OB.ZS,Armenia,ARM,,,,,,,,,,,,,,,,,,,,,,,,,,,,,,,,,,,,,,,,,,,,,,,,,,,,,,,,,,,,
Average transaction cost of sending remittances from a specific country (%),SI.RMT.COST.OB.ZS,Aruba,ABW,,,,,,,,,,,,,,,,,,,,,,,,,,,,,,,,,,,,,,,,,,,,,,,,,,,,,,,,,,,,
Average transaction cost of sending remittances from a specific country (%),SI.RMT.COST.OB.ZS,Australia,AUS,,,,,,,,,,,,,,,,,,,,,,,,,,,,,,,,,,,,,,,,,,,,,,,,,,,,13.6404531,10.84349173,10.19,8.881975508,9.24380167,9.660699222,8.840543777,,
Average transaction cost of sending remittances from a specific country (%),SI.RMT.COST.OB.ZS,Austria,AUT,,,,,,,,,,,,,,,,,,,,,,,,,,,,,,,,,,,,,,,,,,,,,,,,,,,,,9.487703766,9.47,6.460188721,6.248368933,6.70316309,6.905041635,,
Average transaction cost of sending remittances from a specific country (%),SI.RMT.COST.OB.ZS,Azerbaijan,AZE,,,,,,,,,,,,,,,,,,,,,,,,,,,,,,,,,,,,,,,,,,,,,,,,,,,,,,,,,,,,
Average transaction cost of sending remittances from a specific country (%),SI.RMT.COST.OB.ZS,"Bahamas, The",BHS,,,,,,,,,,,,,,,,,,,,,,,,,,,,,,,,,,,,,,,,,,,,,,,,,,,,,,,,,,,,
Average transaction cost of sending remittances from a specific country (%),SI.RMT.COST.OB.ZS,Bahrain,BHR,,,,,,,,,,,,,,,,,,,,,,,,,,,,,,,,,,,,,,,,,,,,,,,,,,,,,,,,,3.202333241,3.165461496,,
Average transaction cost of sending remittances from a specific country (%),SI.RMT.COST.OB.ZS,Bangladesh,BGD,,,,,,,,,,,,,,,,,,,,,,,,,,,,,,,,,,,,,,,,,,,,,,,,,,,,,,,,,,,,
Average transaction cost of sending remittances from a specific country (%),SI.RMT.COST.OB.ZS,Barbados,BRB,,,,,,,,,,,,,,,,,,,,,,,,,,,,,,,,,,,,,,,,,,,,,,,,,,,,,,,,,,,,
Average transaction cost of sending remittances from a specific country (%),SI.RMT.COST.OB.ZS,Belarus,BLR,,,,,,,,,,,,,,,,,,,,,,,,,,,,,,,,,,,,,,,,,,,,,,,,,,,,,,,,,,,,
Average transaction cost of sending remittances from a specific country (%),SI.RMT.COST.OB.ZS,Belgium,BEL,,,,,,,,,,,,,,,,,,,,,,,,,,,,,,,,,,,,,,,,,,,,,,,,,,,,9.535483023,7.622048927,9.95,7.426403463,6.971824232,7.339146426,7.49751851,,
Average transaction cost of sending remittances from a specific country (%),SI.RMT.COST.OB.ZS,Belize,BLZ,,,,,,,,,,,,,,,,,,,,,,,,,,,,,,,,,,,,,,,,,,,,,,,,,,,,,,,,,,,,
Average transaction cost of sending remittances from a specific country (%),SI.RMT.COST.OB.ZS,Benin,BEN,,,,,,,,,,,,,,,,,,,,,,,,,,,,,,,,,,,,,,,,,,,,,,,,,,,,,,,,,,,,
Average transaction cost of sending remittances from a specific country (%),SI.RMT.COST.OB.ZS,Bermuda,BMU,,,,,,,,,,,,,,,,,,,,,,,,,,,,,,,,,,,,,,,,,,,,,,,,,,,,,,,,,,,,
Average transaction cost of sending remittances from a specific country (%),SI.RMT.COST.OB.ZS,Bhutan,BTN,,,,,,,,,,,,,,,,,,,,,,,,,,,,,,,,,,,,,,,,,,,,,,,,,,,,,,,,,,,,
Average transaction cost of sending remittances from a specific country (%),SI.RMT.COST.OB.ZS,Bolivia,BOL,,,,,,,,,,,,,,,,,,,,,,,,,,,,,,,,,,,,,,,,,,,,,,,,,,,,,,,,,,,,
Average transaction cost of sending remittances from a specific country (%),SI.RMT.COST.OB.ZS,Bosnia and Herzegovina,BIH,,,,,,,,,,,,,,,,,,,,,,,,,,,,,,,,,,,,,,,,,,,,,,,,,,,,,,,,,,,,
Average transaction cost of sending remittances from a specific country (%),SI.RMT.COST.OB.ZS,Botswana,BWA,,,,,,,,,,,,,,,,,,,,,,,,,,,,,,,,,,,,,,,,,,,,,,,,,,,,,,,,,,,,
Average transaction cost of sending remittances from a specific country (%),SI.RMT.COST.OB.ZS,Brazil,BRA,,,,,,,,,,,,,,,,,,,,,,,,,,,,,,,,,,,,,,,,,,,,,,,,,,,,11.12235042,5.882585531,5.94,5.255172298,7.402478619,5.729761047,4.642152414,,
Average transaction cost of sending remittances from a specific country (%),SI.RMT.COST.OB.ZS,British Virgin Islands,VGB,,,,,,,,,,,,,,,,,,,,,,,,,,,,,,,,,,,,,,,,,,,,,,,,,,,,,,,,,,,,
Average transaction cost of sending remittances from a specific country (%),SI.RMT.COST.OB.ZS,Brunei Darussalam,BRN,,,,,,,,,,,,,,,,,,,,,,,,,,,,,,,,,,,,,,,,,,,,,,,,,,,,,,,,,,,,
Average transaction cost of sending remittances from a specific country (%),SI.RMT.COST.OB.ZS,Bulgaria,BGR,,,,,,,,,,,,,,,,,,,,,,,,,,,,,,,,,,,,,,,,,,,,,,,,,,,,,,,,,,,,
Average transaction cost of sending remittances from a specific country (%),SI.RMT.COST.OB.ZS,Burkina Faso,BFA,,,,,,,,,,,,,,,,,,,,,,,,,,,,,,,,,,,,,,,,,,,,,,,,,,,,,,,,,,,,
Average transaction cost of sending remittances from a specific country (%),SI.RMT.COST.OB.ZS,Burundi,BDI,,,,,,,,,,,,,,,,,,,,,,,,,,,,,,,,,,,,,,,,,,,,,,,,,,,,,,,,,,,,
Average transaction cost of sending remittances from a specific country (%),SI.RMT.COST.OB.ZS,Cabo Verde,CPV,,,,,,,,,,,,,,,,,,,,,,,,,,,,,,,,,,,,,,,,,,,,,,,,,,,,,,,,,,,,
Average transaction cost of sending remittances from a specific country (%),SI.RMT.COST.OB.ZS,Cambodia,KHM,,,,,,,,,,,,,,,,,,,,,,,,,,,,,,,,,,,,,,,,,,,,,,,,,,,,,,,,,,,,
Average transaction cost of sending remittances from a specific country (%),SI.RMT.COST.OB.ZS,Cameroon,CMR,,,,,,,,,,,,,,,,,,,,,,,,,,,,,,,,,,,,,,,,,,,,,,,,,,,,,,,,,6.917562724,15.38034528,,
Average transaction cost of sending remittances from a specific country (%),SI.RMT.COST.OB.ZS,Canada,CAN,,,,,,,,,,,,,,,,,,,,,,,,,,,,,,,,,,,,,,,,,,,,,,,,,,,,11.87064714,10.05510836,10.97,9.307138842,9.075439421,8.364713354,7.285563648,,
Average transaction cost of sending remittances from a specific country (%),SI.RMT.COST.OB.ZS,Cayman Islands,CYM,,,,,,,,,,,,,,,,,,,,,,,,,,,,,,,,,,,,,,,,,,,,,,,,,,,,,,,,,,,,
Average transaction cost of sending remittances from a specific country (%),SI.RMT.COST.OB.ZS,Central African Republic,CAF,,,,,,,,,,,,,,,,,,,,,,,,,,,,,,,,,,,,,,,,,,,,,,,,,,,,,,,,,,,,
Average transaction cost of sending remittances from a specific country (%),SI.RMT.COST.OB.ZS,Chad,TCD,,,,,,,,,,,,,,,,,,,,,,,,,,,,,,,,,,,,,,,,,,,,,,,,,,,,,,,,,,,,
Average transaction cost of sending remittances from a specific country (%),SI.RMT.COST.OB.ZS,Channel Islands,CHI,,,,,,,,,,,,,,,,,,,,,,,,,,,,,,,,,,,,,,,,,,,,,,,,,,,,,,,,,,,,
Average transaction cost of sending remittances from a specific country (%),SI.RMT.COST.OB.ZS,Chile,CHL,,,,,,,,,,,,,,,,,,,,,,,,,,,,,,,,,,,,,,,,,,,,,,,,,,,,2.897143486,6.541613248,4.92,4.337132474,5.220725197,3.495550901,4.254744202,,
Average transaction cost of sending remittances from a specific country (%),SI.RMT.COST.OB.ZS,China,CHN,,,,,,,,,,,,,,,,,,,,,,,,,,,,,,,,,,,,,,,,,,,,,,,,,,,,,,,,,,,,
Average transaction cost of sending remittances from a specific country (%),SI.RMT.COST.OB.ZS,Colombia,COL,,,,,,,,,,,,,,,,,,,,,,,,,,,,,,,,,,,,,,,,,,,,,,,,,,,,,,,,,,,,
Average transaction cost of sending remittances from a specific country (%),SI.RMT.COST.OB.ZS,Comoros,COM,,,,,,,,,,,,,,,,,,,,,,,,,,,,,,,,,,,,,,,,,,,,,,,,,,,,,,,,,,,,
Average transaction cost of sending remittances from a specific country (%),SI.RMT.COST.OB.ZS,"Congo, Dem. Rep.",COD,,,,,,,,,,,,,,,,,,,,,,,,,,,,,,,,,,,,,,,,,,,,,,,,,,,,,,,,,,,,
Average transaction cost of sending remittances from a specific country (%),SI.RMT.COST.OB.ZS,"Congo, Rep.",COG,,,,,,,,,,,,,,,,,,,,,,,,,,,,,,,,,,,,,,,,,,,,,,,,,,,,,,,,,,,,
Average transaction cost of sending remittances from a specific country (%),SI.RMT.COST.OB.ZS,Costa Rica,CRI,,,,,,,,,,,,,,,,,,,,,,,,,,,,,,,,,,,,,,,,,,,,,,,,,,,,3.91,3.315333333,3.48,3.933333333,3.124166667,3.124583333,3.332916647,,
Average transaction cost of sending remittances from a specific country (%),SI.RMT.COST.OB.ZS,Cote d'Ivoire,CIV,,,,,,,,,,,,,,,,,,,,,,,,,,,,,,,,,,,,,,,,,,,,,,,,,,,,,,,,,5.001145161,2.44015865,,
Average transaction cost of sending remittances from a specific country (%),SI.RMT.COST.OB.ZS,Croatia,HRV,,,,,,,,,,,,,,,,,,,,,,,,,,,,,,,,,,,,,,,,,,,,,,,,,,,,,,,,,,,,
Average transaction cost of sending remittances from a specific country (%),SI.RMT.COST.OB.ZS,Cuba,CUB,,,,,,,,,,,,,,,,,,,,,,,,,,,,,,,,,,,,,,,,,,,,,,,,,,,,,,,,,,,,
Average transaction cost of sending remittances from a specific country (%),SI.RMT.COST.OB.ZS,Curacao,CUW,,,,,,,,,,,,,,,,,,,,,,,,,,,,,,,,,,,,,,,,,,,,,,,,,,,,,,,,,,,,
Average transaction cost of sending remittances from a specific country (%),SI.RMT.COST.OB.ZS,Cyprus,CYP,,,,,,,,,,,,,,,,,,,,,,,,,,,,,,,,,,,,,,,,,,,,,,,,,,,,,,,,,,,,
Average transaction cost of sending remittances from a specific country (%),SI.RMT.COST.OB.ZS,Czech Republic,CZE,,,,,,,,,,,,,,,,,,,,,,,,,,,,,,,,,,,,,,,,,,,,,,,,,,,,11.4722464,13.0144523,11.67,9.640064238,9.070802753,10.23155157,9.854876995,,
Average transaction cost of sending remittances from a specific country (%),SI.RMT.COST.OB.ZS,Denmark,DNK,,,,,,,,,,,,,,,,,,,,,,,,,,,,,,,,,,,,,,,,,,,,,,,,,,,,,,,,,,,,
Average transaction cost of sending remittances from a specific country (%),SI.RMT.COST.OB.ZS,Djibouti,DJI,,,,,,,,,,,,,,,,,,,,,,,,,,,,,,,,,,,,,,,,,,,,,,,,,,,,,,,,,,,,
Average transaction cost of sending remittances from a specific country (%),SI.RMT.COST.OB.ZS,Dominica,DMA,,,,,,,,,,,,,,,,,,,,,,,,,,,,,,,,,,,,,,,,,,,,,,,,,,,,,,,,,,,,
Average transaction cost of sending remittances from a specific country (%),SI.RMT.COST.OB.ZS,Dominican Republic,DOM,,,,,,,,,,,,,,,,,,,,,,,,,,,,,,,,,,,,,,,,,,,,,,,,,,,,13.03889075,8.693057608,8.19,8.639188374,13.41150609,8.431479448,7.35257566,,
Average transaction cost of sending remittances from a specific country (%),SI.RMT.COST.OB.ZS,Ecuador,ECU,,,,,,,,,,,,,,,,,,,,,,,,,,,,,,,,,,,,,,,,,,,,,,,,,,,,,,,,,,,,
Average transaction cost of sending remittances from a specific country (%),SI.RMT.COST.OB.ZS,"Egypt, Arab Rep.",EGY,,,,,,,,,,,,,,,,,,,,,,,,,,,,,,,,,,,,,,,,,,,,,,,,,,,,,,,,,,,,
Average transaction cost of sending remittances from a specific country (%),SI.RMT.COST.OB.ZS,El Salvador,SLV,,,,,,,,,,,,,,,,,,,,,,,,,,,,,,,,,,,,,,,,,,,,,,,,,,,,,,,,,,,,
Average transaction cost of sending remittances from a specific country (%),SI.RMT.COST.OB.ZS,Equatorial Guinea,GNQ,,,,,,,,,,,,,,,,,,,,,,,,,,,,,,,,,,,,,,,,,,,,,,,,,,,,,,,,,,,,
Average transaction cost of sending remittances from a specific country (%),SI.RMT.COST.OB.ZS,Eritrea,ERI,,,,,,,,,,,,,,,,,,,,,,,,,,,,,,,,,,,,,,,,,,,,,,,,,,,,,,,,,,,,
Average transaction cost of sending remittances from a specific country (%),SI.RMT.COST.OB.ZS,Estonia,EST,,,,,,,,,,,,,,,,,,,,,,,,,,,,,,,,,,,,,,,,,,,,,,,,,,,,,,,,,,,,
Average transaction cost of sending remittances from a specific country (%),SI.RMT.COST.OB.ZS,Eswatini,SWZ,,,,,,,,,,,,,,,,,,,,,,,,,,,,,,,,,,,,,,,,,,,,,,,,,,,,,,,,,,,,
Average transaction cost of sending remittances from a specific country (%),SI.RMT.COST.OB.ZS,Ethiopia,ETH,,,,,,,,,,,,,,,,,,,,,,,,,,,,,,,,,,,,,,,,,,,,,,,,,,,,,,,,,,,,
Average transaction cost of sending remittances from a specific country (%),SI.RMT.COST.OB.ZS,Faroe Islands,FRO,,,,,,,,,,,,,,,,,,,,,,,,,,,,,,,,,,,,,,,,,,,,,,,,,,,,,,,,,,,,
Average transaction cost of sending remittances from a specific country (%),SI.RMT.COST.OB.ZS,Fiji,FJI,,,,,,,,,,,,,,,,,,,,,,,,,,,,,,,,,,,,,,,,,,,,,,,,,,,,,,,,,,,,
Average transaction cost of sending remittances from a specific country (%),SI.RMT.COST.OB.ZS,Finland,FIN,,,,,,,,,,,,,,,,,,,,,,,,,,,,,,,,,,,,,,,,,,,,,,,,,,,,,,,,,,,,
Average transaction cost of sending remittances from a specific country (%),SI.RMT.COST.OB.ZS,France,FRA,,,,,,,,,,,,,,,,,,,,,,,,,,,,,,,,,,,,,,,,,,,,,,,,,,,,11.63363999,11.67827838,10.48,10.73699618,7.555189012,6.672176016,6.574586034,,
Average transaction cost of sending remittances from a specific country (%),SI.RMT.COST.OB.ZS,French Polynesia,PYF,,,,,,,,,,,,,,,,,,,,,,,,,,,,,,,,,,,,,,,,,,,,,,,,,,,,,,,,,,,,
Average transaction cost of sending remittances from a specific country (%),SI.RMT.COST.OB.ZS,Gabon,GAB,,,,,,,,,,,,,,,,,,,,,,,,,,,,,,,,,,,,,,,,,,,,,,,,,,,,,,,,,,,,
Average transaction cost of sending remittances from a specific country (%),SI.RMT.COST.OB.ZS,"Gambia, The",GMB,,,,,,,,,,,,,,,,,,,,,,,,,,,,,,,,,,,,,,,,,,,,,,,,,,,,,,,,,,,,
Average transaction cost of sending remittances from a specific country (%),SI.RMT.COST.OB.ZS,Georgia,GEO,,,,,,,,,,,,,,,,,,,,,,,,,,,,,,,,,,,,,,,,,,,,,,,,,,,,,,,,,,,,
Average transaction cost of sending remittances from a specific country (%),SI.RMT.COST.OB.ZS,Germany,DEU,,,,,,,,,,,,,,,,,,,,,,,,,,,,,,,,,,,,,,,,,,,,,,,,,,,,12.63738336,10.93886839,9.01,7.763438306,7.317238139,8.558626223,7.569134235,,
Average transaction cost of sending remittances from a specific country (%),SI.RMT.COST.OB.ZS,Ghana,GHA,,,,,,,,,,,,,,,,,,,,,,,,,,,,,,,,,,,,,,,,,,,,,,,,,,,,15.77970252,22.28022221,26.01,13.40328253,8.657276145,,,,
Average transaction cost of sending remittances from a specific country (%),SI.RMT.COST.OB.ZS,Gibraltar,GIB,,,,,,,,,,,,,,,,,,,,,,,,,,,,,,,,,,,,,,,,,,,,,,,,,,,,,,,,,,,,
Average transaction cost of sending remittances from a specific country (%),SI.RMT.COST.OB.ZS,Greece,GRC,,,,,,,,,,,,,,,,,,,,,,,,,,,,,,,,,,,,,,,,,,,,,,,,,,,,,,,,,,,,
Average transaction cost of sending remittances from a specific country (%),SI.RMT.COST.OB.ZS,Greenland,GRL,,,,,,,,,,,,,,,,,,,,,,,,,,,,,,,,,,,,,,,,,,,,,,,,,,,,,,,,,,,,
Average transaction cost of sending remittances from a specific country (%),SI.RMT.COST.OB.ZS,Grenada,GRD,,,,,,,,,,,,,,,,,,,,,,,,,,,,,,,,,,,,,,,,,,,,,,,,,,,,,,,,,,,,
Average transaction cost of sending remittances from a specific country (%),SI.RMT.COST.OB.ZS,Guam,GUM,,,,,,,,,,,,,,,,,,,,,,,,,,,,,,,,,,,,,,,,,,,,,,,,,,,,,,,,,,,,
Average transaction cost of sending remittances from a specific country (%),SI.RMT.COST.OB.ZS,Guatemala,GTM,,,,,,,,,,,,,,,,,,,,,,,,,,,,,,,,,,,,,,,,,,,,,,,,,,,,,,,,,,,,
Average transaction cost of sending remittances from a specific country (%),SI.RMT.COST.OB.ZS,Guinea,GIN,,,,,,,,,,,,,,,,,,,,,,,,,,,,,,,,,,,,,,,,,,,,,,,,,,,,,,,,,,,,
Average transaction cost of sending remittances from a specific country (%),SI.RMT.COST.OB.ZS,Guinea-Bissau,GNB,,,,,,,,,,,,,,,,,,,,,,,,,,,,,,,,,,,,,,,,,,,,,,,,,,,,,,,,,,,,
Average transaction cost of sending remittances from a specific country (%),SI.RMT.COST.OB.ZS,Guyana,GUY,,,,,,,,,,,,,,,,,,,,,,,,,,,,,,,,,,,,,,,,,,,,,,,,,,,,,,,,,,,,
Average transaction cost of sending remittances from a specific country (%),SI.RMT.COST.OB.ZS,Haiti,HTI,,,,,,,,,,,,,,,,,,,,,,,,,,,,,,,,,,,,,,,,,,,,,,,,,,,,,,,,,,,,
Average transaction cost of sending remittances from a specific country (%),SI.RMT.COST.OB.ZS,Honduras,HND,,,,,,,,,,,,,,,,,,,,,,,,,,,,,,,,,,,,,,,,,,,,,,,,,,,,,,,,,,,,
Average transaction cost of sending remittances from a specific country (%),SI.RMT.COST.OB.ZS,"Hong Kong SAR, China",HKG,,,,,,,,,,,,,,,,,,,,,,,,,,,,,,,,,,,,,,,,,,,,,,,,,,,,,,,,,,,,
Average transaction cost of sending remittances from a specific country (%),SI.RMT.COST.OB.ZS,Hungary,HUN,,,,,,,,,,,,,,,,,,,,,,,,,,,,,,,,,,,,,,,,,,,,,,,,,,,,,,,,,,,,
Average transaction cost of sending remittances from a specific country (%),SI.RMT.COST.OB.ZS,Iceland,ISL,,,,,,,,,,,,,,,,,,,,,,,,,,,,,,,,,,,,,,,,,,,,,,,,,,,,,,,,,,,,
Average transaction cost of sending remittances from a specific country (%),SI.RMT.COST.OB.ZS,India,IND,,,,,,,,,,,,,,,,,,,,,,,,,,,,,,,,,,,,,,,,,,,,,,,,,,,,,,,,,1.252663494,3.031802364,,
Average transaction cost of sending remittances from a specific country (%),SI.RMT.COST.OB.ZS,Indonesia,IDN,,,,,,,,,,,,,,,,,,,,,,,,,,,,,,,,,,,,,,,,,,,,,,,,,,,,,,,,,,,,
Average transaction cost of sending remittances from a specific country (%),SI.RMT.COST.OB.ZS,"Iran, Islamic Rep.",IRN,,,,,,,,,,,,,,,,,,,,,,,,,,,,,,,,,,,,,,,,,,,,,,,,,,,,,,,,,,,,
Average transaction cost of sending remittances from a specific country (%),SI.RMT.COST.OB.ZS,Iraq,IRQ,,,,,,,,,,,,,,,,,,,,,,,,,,,,,,,,,,,,,,,,,,,,,,,,,,,,,,,,,,,,
Average transaction cost of sending remittances from a specific country (%),SI.RMT.COST.OB.ZS,Ireland,IRL,,,,,,,,,,,,,,,,,,,,,,,,,,,,,,,,,,,,,,,,,,,,,,,,,,,,,,,,,,,,
Average transaction cost of sending remittances from a specific country (%),SI.RMT.COST.OB.ZS,Isle of Man,IMN,,,,,,,,,,,,,,,,,,,,,,,,,,,,,,,,,,,,,,,,,,,,,,,,,,,,,,,,,,,,
Average transaction cost of sending remittances from a specific country (%),SI.RMT.COST.OB.ZS,Israel,ISR,,,,,,,,,,,,,,,,,,,,,,,,,,,,,,,,,,,,,,,,,,,,,,,,,,,,,,,,,11.65121467,11.22855768,,
Average transaction cost of sending remittances from a specific country (%),SI.RMT.COST.OB.ZS,Italy,ITA,,,,,,,,,,,,,,,,,,,,,,,,,,,,,,,,,,,,,,,,,,,,,,,,,,,,8.179864352,7.472850799,7.42,6.834665004,6.050014464,5.980355953,5.976587161,,
Average transaction cost of sending remittances from a specific country (%),SI.RMT.COST.OB.ZS,Jamaica,JAM,,,,,,,,,,,,,,,,,,,,,,,,,,,,,,,,,,,,,,,,,,,,,,,,,,,,,,,,,,,,
Average transaction cost of sending remittances from a specific country (%),SI.RMT.COST.OB.ZS,Japan,JPN,,,,,,,,,,,,,,,,,,,,,,,,,,,,,,,,,,,,,,,,,,,,,,,,,,,,16.84200179,16.32232664,16.57,13.74254821,12.97172966,11.29938209,10.85087955,,
Average transaction cost of sending remittances from a specific country (%),SI.RMT.COST.OB.ZS,Jordan,JOR,,,,,,,,,,,,,,,,,,,,,,,,,,,,,,,,,,,,,,,,,,,,,,,,,,,,,,,,,3.827053515,4.571105912,,
Average transaction cost of sending remittances from a specific country (%),SI.RMT.COST.OB.ZS,Kazakhstan,KAZ,,,,,,,,,,,,,,,,,,,,,,,,,,,,,,,,,,,,,,,,,,,,,,,,,,,,,,,,,,,,
Average transaction cost of sending remittances from a specific country (%),SI.RMT.COST.OB.ZS,Kenya,KEN,,,,,,,,,,,,,,,,,,,,,,,,,,,,,,,,,,,,,,,,,,,,,,,,,,,,9.722376791,10.02652125,9.25,8.7502047,11.04263768,10.25565491,9.484942257,,
Average transaction cost of sending remittances from a specific country (%),SI.RMT.COST.OB.ZS,Kiribati,KIR,,,,,,,,,,,,,,,,,,,,,,,,,,,,,,,,,,,,,,,,,,,,,,,,,,,,,,,,,,,,
Average transaction cost of sending remittances from a specific country (%),SI.RMT.COST.OB.ZS,"Korea, Dem. People’s Rep.",PRK,,,,,,,,,,,,,,,,,,,,,,,,,,,,,,,,,,,,,,,,,,,,,,,,,,,,,,,,,,,,
Average transaction cost of sending remittances from a specific country (%),SI.RMT.COST.OB.ZS,"Korea, Rep.",KOR,,,,,,,,,,,,,,,,,,,,,,,,,,,,,,,,,,,,,,,,,,,,,,,,,,,,6.363074636,6.652026572,6.43,6.004977483,5.43041391,5.057969847,4.810298234,,
Average transaction cost of sending remittances from a specific country (%),SI.RMT.COST.OB.ZS,Kosovo,XKX,,,,,,,,,,,,,,,,,,,,,,,,,,,,,,,,,,,,,,,,,,,,,,,,,,,,,,,,,,,,
Average transaction cost of sending remittances from a specific country (%),SI.RMT.COST.OB.ZS,Kuwait,KWT,,,,,,,,,,,,,,,,,,,,,,,,,,,,,,,,,,,,,,,,,,,,,,,,,,,,,,,,,2.874911586,3.17161195,,
Average transaction cost of sending remittances from a specific country (%),SI.RMT.COST.OB.ZS,Kyrgyz Republic,KGZ,,,,,,,,,,,,,,,,,,,,,,,,,,,,,,,,,,,,,,,,,,,,,,,,,,,,,,,,,,,,
Average transaction cost of sending remittances from a specific country (%),SI.RMT.COST.OB.ZS,Lao PDR,LAO,,,,,,,,,,,,,,,,,,,,,,,,,,,,,,,,,,,,,,,,,,,,,,,,,,,,,,,,,,,,
Average transaction cost of sending remittances from a specific country (%),SI.RMT.COST.OB.ZS,Latvia,LVA,,,,,,,,,,,,,,,,,,,,,,,,,,,,,,,,,,,,,,,,,,,,,,,,,,,,,,,,,,,,
Average transaction cost of sending remittances from a specific country (%),SI.RMT.COST.OB.ZS,Lebanon,LBN,,,,,,,,,,,,,,,,,,,,,,,,,,,,,,,,,,,,,,,,,,,,,,,,,,,,,,,,,,,,
Average transaction cost of sending remittances from a specific country (%),SI.RMT.COST.OB.ZS,Lesotho,LSO,,,,,,,,,,,,,,,,,,,,,,,,,,,,,,,,,,,,,,,,,,,,,,,,,,,,,,,,,,,,
Average transaction cost of sending remittances from a specific country (%),SI.RMT.COST.OB.ZS,Liberia,LBR,,,,,,,,,,,,,,,,,,,,,,,,,,,,,,,,,,,,,,,,,,,,,,,,,,,,,,,,,,,,
Average transaction cost of sending remittances from a specific country (%),SI.RMT.COST.OB.ZS,Libya,LBY,,,,,,,,,,,,,,,,,,,,,,,,,,,,,,,,,,,,,,,,,,,,,,,,,,,,,,,,,,,,
Average transaction cost of sending remittances from a specific country (%),SI.RMT.COST.OB.ZS,Liechtenstein,LIE,,,,,,,,,,,,,,,,,,,,,,,,,,,,,,,,,,,,,,,,,,,,,,,,,,,,,,,,,,,,
Average transaction cost of sending remittances from a specific country (%),SI.RMT.COST.OB.ZS,Lithuania,LTU,,,,,,,,,,,,,,,,,,,,,,,,,,,,,,,,,,,,,,,,,,,,,,,,,,,,,,,,,,,,
Average transaction cost of sending remittances from a specific country (%),SI.RMT.COST.OB.ZS,Luxembourg,LUX,,,,,,,,,,,,,,,,,,,,,,,,,,,,,,,,,,,,,,,,,,,,,,,,,,,,,,,,,,,,
Average transaction cost of sending remittances from a specific country (%),SI.RMT.COST.OB.ZS,"Macao SAR, China",MAC,,,,,,,,,,,,,,,,,,,,,,,,,,,,,,,,,,,,,,,,,,,,,,,,,,,,,,,,,,,,
Average transaction cost of sending remittances from a specific country (%),SI.RMT.COST.OB.ZS,Madagascar,MDG,,,,,,,,,,,,,,,,,,,,,,,,,,,,,,,,,,,,,,,,,,,,,,,,,,,,,,,,,,,,
Average transaction cost of sending remittances from a specific country (%),SI.RMT.COST.OB.ZS,Malawi,MWI,,,,,,,,,,,,,,,,,,,,,,,,,,,,,,,,,,,,,,,,,,,,,,,,,,,,,,,,,,,,
Average transaction cost of sending remittances from a specific country (%),SI.RMT.COST.OB.ZS,Malaysia,MYS,,,,,,,,,,,,,,,,,,,,,,,,,,,,,,,,,,,,,,,,,,,,,,,,,,,,4.872346863,4.679702399,5.2,5.188460337,5.943308646,4.880914869,4.653454944,,
Average transaction cost of sending remittances from a specific country (%),SI.RMT.COST.OB.ZS,Maldives,MDV,,,,,,,,,,,,,,,,,,,,,,,,,,,,,,,,,,,,,,,,,,,,,,,,,,,,,,,,,,,,
Average transaction cost of sending remittances from a specific country (%),SI.RMT.COST.OB.ZS,Mali,MLI,,,,,,,,,,,,,,,,,,,,,,,,,,,,,,,,,,,,,,,,,,,,,,,,,,,,,,,,,,,,
Average transaction cost of sending remittances from a specific country (%),SI.RMT.COST.OB.ZS,Malta,MLT,,,,,,,,,,,,,,,,,,,,,,,,,,,,,,,,,,,,,,,,,,,,,,,,,,,,,,,,,,,,
Average transaction cost of sending remittances from a specific country (%),SI.RMT.COST.OB.ZS,Marshall Islands,MHL,,,,,,,,,,,,,,,,,,,,,,,,,,,,,,,,,,,,,,,,,,,,,,,,,,,,,,,,,,,,
Average transaction cost of sending remittances from a specific country (%),SI.RMT.COST.OB.ZS,Mauritania,MRT,,,,,,,,,,,,,,,,,,,,,,,,,,,,,,,,,,,,,,,,,,,,,,,,,,,,,,,,,,,,
Average transaction cost of sending remittances from a specific country (%),SI.RMT.COST.OB.ZS,Mauritius,MUS,,,,,,,,,,,,,,,,,,,,,,,,,,,,,,,,,,,,,,,,,,,,,,,,,,,,,,,,,,,,
Average transaction cost of sending remittances from a specific country (%),SI.RMT.COST.OB.ZS,Mexico,MEX,,,,,,,,,,,,,,,,,,,,,,,,,,,,,,,,,,,,,,,,,,,,,,,,,,,,,,,,,,,,
Average transaction cost of sending remittances from a specific country (%),SI.RMT.COST.OB.ZS,"Micronesia, Fed. Sts.",FSM,,,,,,,,,,,,,,,,,,,,,,,,,,,,,,,,,,,,,,,,,,,,,,,,,,,,,,,,,,,,
Average transaction cost of sending remittances from a specific country (%),SI.RMT.COST.OB.ZS,Moldova,MDA,,,,,,,,,,,,,,,,,,,,,,,,,,,,,,,,,,,,,,,,,,,,,,,,,,,,,,,,,,,,
Average transaction cost of sending remittances from a specific country (%),SI.RMT.COST.OB.ZS,Monaco,MCO,,,,,,,,,,,,,,,,,,,,,,,,,,,,,,,,,,,,,,,,,,,,,,,,,,,,,,,,,,,,
Average transaction cost of sending remittances from a specific country (%),SI.RMT.COST.OB.ZS,Mongolia,MNG,,,,,,,,,,,,,,,,,,,,,,,,,,,,,,,,,,,,,,,,,,,,,,,,,,,,,,,,,,,,
Average transaction cost of sending remittances from a specific country (%),SI.RMT.COST.OB.ZS,Montenegro,MNE,,,,,,,,,,,,,,,,,,,,,,,,,,,,,,,,,,,,,,,,,,,,,,,,,,,,,,,,,,,,
Average transaction cost of sending remittances from a specific country (%),SI.RMT.COST.OB.ZS,Morocco,MAR,,,,,,,,,,,,,,,,,,,,,,,,,,,,,,,,,,,,,,,,,,,,,,,,,,,,,,,,,,,,
Average transaction cost of sending remittances from a specific country (%),SI.RMT.COST.OB.ZS,Mozambique,MOZ,,,,,,,,,,,,,,,,,,,,,,,,,,,,,,,,,,,,,,,,,,,,,,,,,,,,,,,,,,,,
Average transaction cost of sending remittances from a specific country (%),SI.RMT.COST.OB.ZS,Myanmar,MMR,,,,,,,,,,,,,,,,,,,,,,,,,,,,,,,,,,,,,,,,,,,,,,,,,,,,,,,,,,,,
Average transaction cost of sending remittances from a specific country (%),SI.RMT.COST.OB.ZS,Namibia,NAM,,,,,,,,,,,,,,,,,,,,,,,,,,,,,,,,,,,,,,,,,,,,,,,,,,,,,,,,,,,,
Average transaction cost of sending remittances from a specific country (%),SI.RMT.COST.OB.ZS,Nauru,NRU,,,,,,,,,,,,,,,,,,,,,,,,,,,,,,,,,,,,,,,,,,,,,,,,,,,,,,,,,,,,
Average transaction cost of sending remittances from a specific country (%),SI.RMT.COST.OB.ZS,Nepal,NPL,,,,,,,,,,,,,,,,,,,,,,,,,,,,,,,,,,,,,,,,,,,,,,,,,,,,,,,,,,,,
Average transaction cost of sending remittances from a specific country (%),SI.RMT.COST.OB.ZS,Netherlands,NLD,,,,,,,,,,,,,,,,,,,,,,,,,,,,,,,,,,,,,,,,,,,,,,,,,,,,9.532433807,8.86191389,8.57,8.259820997,8.77233457,8.12027681,8.197916299,,
Average transaction cost of sending remittances from a specific country (%),SI.RMT.COST.OB.ZS,New Caledonia,NCL,,,,,,,,,,,,,,,,,,,,,,,,,,,,,,,,,,,,,,,,,,,,,,,,,,,,,,,,,,,,
Average transaction cost of sending remittances from a specific country (%),SI.RMT.COST.OB.ZS,New Zealand,NZL,,,,,,,,,,,,,,,,,,,,,,,,,,,,,,,,,,,,,,,,,,,,,,,,,,,,11.99090803,9.518795779,9.27,8.909708666,8.324958971,8.559806669,9.176556766,,
Average transaction cost of sending remittances from a specific country (%),SI.RMT.COST.OB.ZS,Nicaragua,NIC,,,,,,,,,,,,,,,,,,,,,,,,,,,,,,,,,,,,,,,,,,,,,,,,,,,,,,,,,,,,
Average transaction cost of sending remittances from a specific country (%),SI.RMT.COST.OB.ZS,Niger,NER,,,,,,,,,,,,,,,,,,,,,,,,,,,,,,,,,,,,,,,,,,,,,,,,,,,,,,,,,,,,
Average transaction cost of sending remittances from a specific country (%),SI.RMT.COST.OB.ZS,Nigeria,NGA,,,,,,,,,,,,,,,,,,,,,,,,,,,,,,,,,,,,,,,,,,,,,,,,,,,,,,,,,10.06926121,18.29974651,,
Average transaction cost of sending remittances from a specific country (%),SI.RMT.COST.OB.ZS,North Macedonia,MKD,,,,,,,,,,,,,,,,,,,,,,,,,,,,,,,,,,,,,,,,,,,,,,,,,,,,,,,,,,,,
Average transaction cost of sending remittances from a specific country (%),SI.RMT.COST.OB.ZS,Northern Mariana Islands,MNP,,,,,,,,,,,,,,,,,,,,,,,,,,,,,,,,,,,,,,,,,,,,,,,,,,,,,,,,,,,,
Average transaction cost of sending remittances from a specific country (%),SI.RMT.COST.OB.ZS,Norway,NOR,,,,,,,,,,,,,,,,,,,,,,,,,,,,,,,,,,,,,,,,,,,,,,,,,,,,13.07547913,11.10905456,10.57,7.623706873,8.77765751,8.199429525,6.220313162,,
Average transaction cost of sending remittances from a specific country (%),SI.RMT.COST.OB.ZS,Oman,OMN,,,,,,,,,,,,,,,,,,,,,,,,,,,,,,,,,,,,,,,,,,,,,,,,,,,,,,,,,3.646709806,3.86778675,,
Average transaction cost of sending remittances from a specific country (%),SI.RMT.COST.OB.ZS,Pakistan,PAK,,,,,,,,,,,,,,,,,,,,,,,,,,,,,,,,,,,,,,,,,,,,,,,,,,,,,,,,,9.870264259,12.06899509,,
Average transaction cost of sending remittances from a specific country (%),SI.RMT.COST.OB.ZS,Palau,PLW,,,,,,,,,,,,,,,,,,,,,,,,,,,,,,,,,,,,,,,,,,,,,,,,,,,,,,,,,,,,
Average transaction cost of sending remittances from a specific country (%),SI.RMT.COST.OB.ZS,Panama,PAN,,,,,,,,,,,,,,,,,,,,,,,,,,,,,,,,,,,,,,,,,,,,,,,,,,,,,,,,,,,,
Average transaction cost of sending remittances from a specific country (%),SI.RMT.COST.OB.ZS,Papua New Guinea,PNG,,,,,,,,,,,,,,,,,,,,,,,,,,,,,,,,,,,,,,,,,,,,,,,,,,,,,,,,,,,,
Average transaction cost of sending remittances from a specific country (%),SI.RMT.COST.OB.ZS,Paraguay,PRY,,,,,,,,,,,,,,,,,,,,,,,,,,,,,,,,,,,,,,,,,,,,,,,,,,,,,,,,,,,,
Average transaction cost of sending remittances from a specific country (%),SI.RMT.COST.OB.ZS,Peru,PER,,,,,,,,,,,,,,,,,,,,,,,,,,,,,,,,,,,,,,,,,,,,,,,,,,,,,,,,,,,,
Average transaction cost of sending remittances from a specific country (%),SI.RMT.COST.OB.ZS,Philippines,PHL,,,,,,,,,,,,,,,,,,,,,,,,,,,,,,,,,,,,,,,,,,,,,,,,,,,,,,,,,,,,
Average transaction cost of sending remittances from a specific country (%),SI.RMT.COST.OB.ZS,Poland,POL,,,,,,,,,,,,,,,,,,,,,,,,,,,,,,,,,,,,,,,,,,,,,,,,,,,,,,,,,,,,
Average transaction cost of sending remittances from a specific country (%),SI.RMT.COST.OB.ZS,Portugal,PRT,,,,,,,,,,,,,,,,,,,,,,,,,,,,,,,,,,,,,,,,,,,,,,,,,,,,,,,,,6.65110187,7.90245384,,
Average transaction cost of sending remittances from a specific country (%),SI.RMT.COST.OB.ZS,Puerto Rico,PRI,,,,,,,,,,,,,,,,,,,,,,,,,,,,,,,,,,,,,,,,,,,,,,,,,,,,,,,,,,,,
Average transaction cost of sending remittances from a specific country (%),SI.RMT.COST.OB.ZS,Qatar,QAT,,,,,,,,,,,,,,,,,,,,,,,,,,,,,,,,,,,,,,,,,,,,,,,,,,,,5.050262538,5.325391387,6.33,5.005023533,5.986359745,4.94148792,5.26468344,,
Average transaction cost of sending remittances from a specific country (%),SI.RMT.COST.OB.ZS,Romania,ROU,,,,,,,,,,,,,,,,,,,,,,,,,,,,,,,,,,,,,,,,,,,,,,,,,,,,,,,,,,,,
Average transaction cost of sending remittances from a specific country (%),SI.RMT.COST.OB.ZS,Russian Federation,RUS,,,,,,,,,,,,,,,,,,,,,,,,,,,,,,,,,,,,,,,,,,,,,,,,,,,,2.675301859,2.424637091,2.43,1.83133466,1.922168371,1.706256941,2.131365612,,
Average transaction cost of sending remittances from a specific country (%),SI.RMT.COST.OB.ZS,Rwanda,RWA,,,,,,,,,,,,,,,,,,,,,,,,,,,,,,,,,,,,,,,,,,,,,,,,,,,,,,,,,7.042210969,6.225005537,,
Average transaction cost of sending remittances from a specific country (%),SI.RMT.COST.OB.ZS,Samoa,WSM,,,,,,,,,,,,,,,,,,,,,,,,,,,,,,,,,,,,,,,,,,,,,,,,,,,,,,,,,,,,
Average transaction cost of sending remittances from a specific country (%),SI.RMT.COST.OB.ZS,San Marino,SMR,,,,,,,,,,,,,,,,,,,,,,,,,,,,,,,,,,,,,,,,,,,,,,,,,,,,,,,,,,,,
Average transaction cost of sending remittances from a specific country (%),SI.RMT.COST.OB.ZS,Sao Tome and Principe,STP,,,,,,,,,,,,,,,,,,,,,,,,,,,,,,,,,,,,,,,,,,,,,,,,,,,,,,,,,,,,
Average transaction cost of sending remittances from a specific country (%),SI.RMT.COST.OB.ZS,Saudi Arabia,SAU,,,,,,,,,,,,,,,,,,,,,,,,,,,,,,,,,,,,,,,,,,,,,,,,,,,,4.127517422,4.245234147,4.05,3.847784339,4.133644022,4.594200283,5.10439,,
Average transaction cost of sending remittances from a specific country (%),SI.RMT.COST.OB.ZS,Senegal,SEN,,,,,,,,,,,,,,,,,,,,,,,,,,,,,,,,,,,,,,,,,,,,,,,,,,,,6.209946237,6.355913978,6.34,4.802867384,4.802867384,4.802867384,4.06075269,,
Average transaction cost of sending remittances from a specific country (%),SI.RMT.COST.OB.ZS,Serbia,SRB,,,,,,,,,,,,,,,,,,,,,,,,,,,,,,,,,,,,,,,,,,,,,,,,,,,,,,,,,,,,
Average transaction cost of sending remittances from a specific country (%),SI.RMT.COST.OB.ZS,Seychelles,SYC,,,,,,,,,,,,,,,,,,,,,,,,,,,,,,,,,,,,,,,,,,,,,,,,,,,,,,,,,,,,
Average transaction cost of sending remittances from a specific country (%),SI.RMT.COST.OB.ZS,Sierra Leone,SLE,,,,,,,,,,,,,,,,,,,,,,,,,,,,,,,,,,,,,,,,,,,,,,,,,,,,,,,,,,,,
Average transaction cost of sending remittances from a specific country (%),SI.RMT.COST.OB.ZS,Singapore,SGP,,,,,,,,,,,,,,,,,,,,,,,,,,,,,,,,,,,,,,,,,,,,,,,,,,,,4.62924553,4.797700312,4.91,4.383144184,5.937272219,4.441402591,4.548006132,,
Average transaction cost of sending remittances from a specific country (%),SI.RMT.COST.OB.ZS,Sint Maarten (Dutch part),SXM,,,,,,,,,,,,,,,,,,,,,,,,,,,,,,,,,,,,,,,,,,,,,,,,,,,,,,,,,,,,
Average transaction cost of sending remittances from a specific country (%),SI.RMT.COST.OB.ZS,Slovak Republic,SVK,,,,,,,,,,,,,,,,,,,,,,,,,,,,,,,,,,,,,,,,,,,,,,,,,,,,,,,,,,,,
Average transaction cost of sending remittances from a specific country (%),SI.RMT.COST.OB.ZS,Slovenia,SVN,,,,,,,,,,,,,,,,,,,,,,,,,,,,,,,,,,,,,,,,,,,,,,,,,,,,,,,,,,,,
Average transaction cost of sending remittances from a specific country (%),SI.RMT.COST.OB.ZS,Solomon Islands,SLB,,,,,,,,,,,,,,,,,,,,,,,,,,,,,,,,,,,,,,,,,,,,,,,,,,,,,,,,,,,,
Average transaction cost of sending remittances from a specific country (%),SI.RMT.COST.OB.ZS,Somalia,SOM,,,,,,,,,,,,,,,,,,,,,,,,,,,,,,,,,,,,,,,,,,,,,,,,,,,,,,,,,,,,
Average transaction cost of sending remittances from a specific country (%),SI.RMT.COST.OB.ZS,South Africa,ZAF,,,,,,,,,,,,,,,,,,,,,,,,,,,,,,,,,,,,,,,,,,,,,,,,,,,,17.7313884,20.55965974,19.29,19.53629291,15.1903602,16.95078204,16.57057405,,
Average transaction cost of sending remittances from a specific country (%),SI.RMT.COST.OB.ZS,South Sudan,SSD,,,,,,,,,,,,,,,,,,,,,,,,,,,,,,,,,,,,,,,,,,,,,,,,,,,,,,,,,,,,
Average transaction cost of sending remittances from a specific country (%),SI.RMT.COST.OB.ZS,Spain,ESP,,,,,,,,,,,,,,,,,,,,,,,,,,,,,,,,,,,,,,,,,,,,,,,,,,,,6.628569414,7.273849012,6.87,5.385543346,6.064606212,6.443263923,5.634815618,,
Average transaction cost of sending remittances from a specific country (%),SI.RMT.COST.OB.ZS,Sri Lanka,LKA,,,,,,,,,,,,,,,,,,,,,,,,,,,,,,,,,,,,,,,,,,,,,,,,,,,,,,,,,,,,
Average transaction cost of sending remittances from a specific country (%),SI.RMT.COST.OB.ZS,St. Kitts and Nevis,KNA,,,,,,,,,,,,,,,,,,,,,,,,,,,,,,,,,,,,,,,,,,,,,,,,,,,,,,,,,,,,
Average transaction cost of sending remittances from a specific country (%),SI.RMT.COST.OB.ZS,St. Lucia,LCA,,,,,,,,,,,,,,,,,,,,,,,,,,,,,,,,,,,,,,,,,,,,,,,,,,,,,,,,,,,,
Average transaction cost of sending remittances from a specific country (%),SI.RMT.COST.OB.ZS,St. Martin (French part),MAF,,,,,,,,,,,,,,,,,,,,,,,,,,,,,,,,,,,,,,,,,,,,,,,,,,,,,,,,,,,,
Average transaction cost of sending remittances from a specific country (%),SI.RMT.COST.OB.ZS,St. Vincent and the Grenadines,VCT,,,,,,,,,,,,,,,,,,,,,,,,,,,,,,,,,,,,,,,,,,,,,,,,,,,,,,,,,,,,
Average transaction cost of sending remittances from a specific country (%),SI.RMT.COST.OB.ZS,Sudan,SDN,,,,,,,,,,,,,,,,,,,,,,,,,,,,,,,,,,,,,,,,,,,,,,,,,,,,,,,,,,,,
Average transaction cost of sending remittances from a specific country (%),SI.RMT.COST.OB.ZS,Suriname,SUR,,,,,,,,,,,,,,,,,,,,,,,,,,,,,,,,,,,,,,,,,,,,,,,,,,,,,,,,,,,,
Average transaction cost of sending remittances from a specific country (%),SI.RMT.COST.OB.ZS,Sweden,SWE,,,,,,,,,,,,,,,,,,,,,,,,,,,,,,,,,,,,,,,,,,,,,,,,,,,,,,,,,7.89653916,9.592436999,,
Average transaction cost of sending remittances from a specific country (%),SI.RMT.COST.OB.ZS,Switzerland,CHE,,,,,,,,,,,,,,,,,,,,,,,,,,,,,,,,,,,,,,,,,,,,,,,,,,,,11.65352137,11.10640963,14.51,15.29942005,15.37550924,12.91477572,9.8889485,,
Average transaction cost of sending remittances from a specific country (%),SI.RMT.COST.OB.ZS,Syrian Arab Republic,SYR,,,,,,,,,,,,,,,,,,,,,,,,,,,,,,,,,,,,,,,,,,,,,,,,,,,,,,,,,,,,
Average transaction cost of sending remittances from a specific country (%),SI.RMT.COST.OB.ZS,Tajikistan,TJK,,,,,,,,,,,,,,,,,,,,,,,,,,,,,,,,,,,,,,,,,,,,,,,,,,,,,,,,,,,,
Average transaction cost of sending remittances from a specific country (%),SI.RMT.COST.OB.ZS,Tanzania,TZA,,,,,,,,,,,,,,,,,,,,,,,,,,,,,,,,,,,,,,,,,,,,,,,,,,,,24.3134729,20.66374615,20.47,17.56748758,16.16118205,15.85605097,14.40221816,,
Average transaction cost of sending remittances from a specific country (%),SI.RMT.COST.OB.ZS,Thailand,THA,,,,,,,,,,,,,,,,,,,,,,,,,,,,,,,,,,,,,,,,,,,,,,,,,,,,,,,,,14.65146454,16.91034287,,
Average transaction cost of sending remittances from a specific country (%),SI.RMT.COST.OB.ZS,Timor-Leste,TLS,,,,,,,,,,,,,,,,,,,,,,,,,,,,,,,,,,,,,,,,,,,,,,,,,,,,,,,,,,,,
Average transaction cost of sending remittances from a specific country (%),SI.RMT.COST.OB.ZS,Togo,TGO,,,,,,,,,,,,,,,,,,,,,,,,,,,,,,,,,,,,,,,,,,,,,,,,,,,,,,,,,,,,
Average transaction cost of sending remittances from a specific country (%),SI.RMT.COST.OB.ZS,Tonga,TON,,,,,,,,,,,,,,,,,,,,,,,,,,,,,,,,,,,,,,,,,,,,,,,,,,,,,,,,,,,,
Average transaction cost of sending remittances from a specific country (%),SI.RMT.COST.OB.ZS,Trinidad and Tobago,TTO,,,,,,,,,,,,,,,,,,,,,,,,,,,,,,,,,,,,,,,,,,,,,,,,,,,,,,,,,,,,
Average transaction cost of sending remittances from a specific country (%),SI.RMT.COST.OB.ZS,Tunisia,TUN,,,,,,,,,,,,,,,,,,,,,,,,,,,,,,,,,,,,,,,,,,,,,,,,,,,,,,,,,,,,
Average transaction cost of sending remittances from a specific country (%),SI.RMT.COST.OB.ZS,Turkey,TUR,,,,,,,,,,,,,,,,,,,,,,,,,,,,,,,,,,,,,,,,,,,,,,,,,,,,,,,,,10.37941102,10.40886715,,
Average transaction cost of sending remittances from a specific country (%),SI.RMT.COST.OB.ZS,Turkmenistan,TKM,,,,,,,,,,,,,,,,,,,,,,,,,,,,,,,,,,,,,,,,,,,,,,,,,,,,,,,,,,,,
Average transaction cost of sending remittances from a specific country (%),SI.RMT.COST.OB.ZS,Turks and Caicos Islands,TCA,,,,,,,,,,,,,,,,,,,,,,,,,,,,,,,,,,,,,,,,,,,,,,,,,,,,,,,,,,,,
Average transaction cost of sending remittances from a specific country (%),SI.RMT.COST.OB.ZS,Tuvalu,TUV,,,,,,,,,,,,,,,,,,,,,,,,,,,,,,,,,,,,,,,,,,,,,,,,,,,,,,,,,,,,
Average transaction cost of sending remittances from a specific country (%),SI.RMT.COST.OB.ZS,Uganda,UGA,,,,,,,,,,,,,,,,,,,,,,,,,,,,,,,,,,,,,,,,,,,,,,,,,,,,,,,,,,,,
Average transaction cost of sending remittances from a specific country (%),SI.RMT.COST.OB.ZS,Ukraine,UKR,,,,,,,,,,,,,,,,,,,,,,,,,,,,,,,,,,,,,,,,,,,,,,,,,,,,,,,,,,,,
Average transaction cost of sending remittances from a specific country (%),SI.RMT.COST.OB.ZS,United Arab Emirates,ARE,,,,,,,,,,,,,,,,,,,,,,,,,,,,,,,,,,,,,,,,,,,,,,,,,,,,3.896516933,4.057743196,3.89,3.138063871,3.154989044,3.566219058,4.321154207,,
Average transaction cost of sending remittances from a specific country (%),SI.RMT.COST.OB.ZS,United Kingdom,GBR,,,,,,,,,,,,,,,,,,,,,,,,,,,,,,,,,,,,,,,,,,,,,,,,,,,,7.725893181,7.883778164,8.4,7.561533058,7.408124063,7.348944359,7.009450346,,
Average transaction cost of sending remittances from a specific country (%),SI.RMT.COST.OB.ZS,United States,USA,,,,,,,,,,,,,,,,,,,,,,,,,,,,,,,,,,,,,,,,,,,,,,,,,,,,6.931643284,6.8,6.42,5.917546679,6.044552755,6.09325716,5.705477297,,
Average transaction cost of sending remittances from a specific country (%),SI.RMT.COST.OB.ZS,Uruguay,URY,,,,,,,,,,,,,,,,,,,,,,,,,,,,,,,,,,,,,,,,,,,,,,,,,,,,,,,,,,,,
Average transaction cost of sending remittances from a specific country (%),SI.RMT.COST.OB.ZS,Uzbekistan,UZB,,,,,,,,,,,,,,,,,,,,,,,,,,,,,,,,,,,,,,,,,,,,,,,,,,,,,,,,,,,,
Average transaction cost of sending remittances from a specific country (%),SI.RMT.COST.OB.ZS,Vanuatu,VUT,,,,,,,,,,,,,,,,,,,,,,,,,,,,,,,,,,,,,,,,,,,,,,,,,,,,,,,,,,,,
Average transaction cost of sending remittances from a specific country (%),SI.RMT.COST.OB.ZS,"Venezuela, RB",VEN,,,,,,,,,,,,,,,,,,,,,,,,,,,,,,,,,,,,,,,,,,,,,,,,,,,,,,,,,,,,
Average transaction cost of sending remittances from a specific country (%),SI.RMT.COST.OB.ZS,Vietnam,VNM,,,,,,,,,,,,,,,,,,,,,,,,,,,,,,,,,,,,,,,,,,,,,,,,,,,,,,,,,,,,
Average transaction cost of sending remittances from a specific country (%),SI.RMT.COST.OB.ZS,Virgin Islands (U.S.),VIR,,,,,,,,,,,,,,,,,,,,,,,,,,,,,,,,,,,,,,,,,,,,,,,,,,,,,,,,,,,,
Average transaction cost of sending remittances from a specific country (%),SI.RMT.COST.OB.ZS,West Bank and Gaza,PSE,,,,,,,,,,,,,,,,,,,,,,,,,,,,,,,,,,,,,,,,,,,,,,,,,,,,,,,,,,,,
Average transaction cost of sending remittances from a specific country (%),SI.RMT.COST.OB.ZS,"Yemen, Rep.",YEM,,,,,,,,,,,,,,,,,,,,,,,,,,,,,,,,,,,,,,,,,,,,,,,,,,,,,,,,,,,,
Average transaction cost of sending remittances from a specific country (%),SI.RMT.COST.OB.ZS,Zambia,ZMB,,,,,,,,,,,,,,,,,,,,,,,,,,,,,,,,,,,,,,,,,,,,,,,,,,,,,,,,,,,,
Average transaction cost of sending remittances from a specific country (%),SI.RMT.COST.OB.ZS,Zimbabwe,ZWE,,,,,,,,,,,,,,,,,,,,,,,,,,,,,,,,,,,,,,,,,,,,,,,,,,,,,,,,,,,,
Average transaction cost of sending remittances from a specific country (%),SI.RMT.COST.OB.ZS,Arab World,ARB,,,,,,,,,,,,,,,,,,,,,,,,,,,,,,,,,,,,,,,,,,,,,,,,,,,,,,,,,,,,
Average transaction cost of sending remittances from a specific country (%),SI.RMT.COST.OB.ZS,Caribbean small states,CSS,,,,,,,,,,,,,,,,,,,,,,,,,,,,,,,,,,,,,,,,,,,,,,,,,,,,,,,,,,,,
Average transaction cost of sending remittances from a specific country (%),SI.RMT.COST.OB.ZS,Central Europe and the Baltics,CEB,,,,,,,,,,,,,,,,,,,,,,,,,,,,,,,,,,,,,,,,,,,,,,,,,,,,,,,,,,,,
Average transaction cost of sending remittances from a specific country (%),SI.RMT.COST.OB.ZS,Early-demographic dividend,EAR,,,,,,,,,,,,,,,,,,,,,,,,,,,,,,,,,,,,,,,,,,,,,,,,,,,,,,,,,,,,
Average transaction cost of sending remittances from a specific country (%),SI.RMT.COST.OB.ZS,East Asia & Pacific,EAS,,,,,,,,,,,,,,,,,,,,,,,,,,,,,,,,,,,,,,,,,,,,,,,,,,,,,,,,,,,,
Average transaction cost of sending remittances from a specific country (%),SI.RMT.COST.OB.ZS,East Asia & Pacific (excluding high income),EAP,,,,,,,,,,,,,,,,,,,,,,,,,,,,,,,,,,,,,,,,,,,,,,,,,,,,,,,,,,,,
Average transaction cost of sending remittances from a specific country (%),SI.RMT.COST.OB.ZS,East Asia & Pacific (IDA & IBRD countries),TEA,,,,,,,,,,,,,,,,,,,,,,,,,,,,,,,,,,,,,,,,,,,,,,,,,,,,,,,,,,,,
Average transaction cost of sending remittances from a specific country (%),SI.RMT.COST.OB.ZS,Euro area,EMU,,,,,,,,,,,,,,,,,,,,,,,,,,,,,,,,,,,,,,,,,,,,,,,,,,,,,,,,,,,,
Average transaction cost of sending remittances from a specific country (%),SI.RMT.COST.OB.ZS,Europe & Central Asia,ECS,,,,,,,,,,,,,,,,,,,,,,,,,,,,,,,,,,,,,,,,,,,,,,,,,,,,,,,,,,,,
Average transaction cost of sending remittances from a specific country (%),SI.RMT.COST.OB.ZS,Europe & Central Asia (excluding high income),ECA,,,,,,,,,,,,,,,,,,,,,,,,,,,,,,,,,,,,,,,,,,,,,,,,,,,,,,,,,,,,
Average transaction cost of sending remittances from a specific country (%),SI.RMT.COST.OB.ZS,Europe & Central Asia (IDA & IBRD countries),TEC,,,,,,,,,,,,,,,,,,,,,,,,,,,,,,,,,,,,,,,,,,,,,,,,,,,,,,,,,,,,
Average transaction cost of sending remittances from a specific country (%),SI.RMT.COST.OB.ZS,European Union,EUU,,,,,,,,,,,,,,,,,,,,,,,,,,,,,,,,,,,,,,,,,,,,,,,,,,,,,,,,,,,,
Average transaction cost of sending remittances from a specific country (%),SI.RMT.COST.OB.ZS,Fragile and conflict affected situations,FCS,,,,,,,,,,,,,,,,,,,,,,,,,,,,,,,,,,,,,,,,,,,,,,,,,,,,,,,,,,,,
Average transaction cost of sending remittances from a specific country (%),SI.RMT.COST.OB.ZS,Heavily indebted poor countries (HIPC),HPC,,,,,,,,,,,,,,,,,,,,,,,,,,,,,,,,,,,,,,,,,,,,,,,,,,,,,,,,,,,,
Average transaction cost of sending remittances from a specific country (%),SI.RMT.COST.OB.ZS,High income,HIC,,,,,,,,,,,,,,,,,,,,,,,,,,,,,,,,,,,,,,,,,,,,,,,,,,,,,,,,,,,,
Average transaction cost of sending remittances from a specific country (%),SI.RMT.COST.OB.ZS,IBRD only,IBD,,,,,,,,,,,,,,,,,,,,,,,,,,,,,,,,,,,,,,,,,,,,,,,,,,,,,,,,,,,,
Average transaction cost of sending remittances from a specific country (%),SI.RMT.COST.OB.ZS,IDA & IBRD total,IBT,,,,,,,,,,,,,,,,,,,,,,,,,,,,,,,,,,,,,,,,,,,,,,,,,,,,,,,,,,,,
Average transaction cost of sending remittances from a specific country (%),SI.RMT.COST.OB.ZS,IDA blend,IDB,,,,,,,,,,,,,,,,,,,,,,,,,,,,,,,,,,,,,,,,,,,,,,,,,,,,,,,,,,,,
Average transaction cost of sending remittances from a specific country (%),SI.RMT.COST.OB.ZS,IDA only,IDX,,,,,,,,,,,,,,,,,,,,,,,,,,,,,,,,,,,,,,,,,,,,,,,,,,,,,,,,,,,,
Average transaction cost of sending remittances from a specific country (%),SI.RMT.COST.OB.ZS,IDA total,IDA,,,,,,,,,,,,,,,,,,,,,,,,,,,,,,,,,,,,,,,,,,,,,,,,,,,,,,,,,,,,
Average transaction cost of sending remittances from a specific country (%),SI.RMT.COST.OB.ZS,Late-demographic dividend,LTE,,,,,,,,,,,,,,,,,,,,,,,,,,,,,,,,,,,,,,,,,,,,,,,,,,,,,,,,,,,,
Average transaction cost of sending remittances from a specific country (%),SI.RMT.COST.OB.ZS,Latin America & Caribbean,LCN,,,,,,,,,,,,,,,,,,,,,,,,,,,,,,,,,,,,,,,,,,,,,,,,,,,,,,,,,,,,
Average transaction cost of sending remittances from a specific country (%),SI.RMT.COST.OB.ZS,Latin America & Caribbean (excluding high income),LAC,,,,,,,,,,,,,,,,,,,,,,,,,,,,,,,,,,,,,,,,,,,,,,,,,,,,,,,,,,,,
Average transaction cost of sending remittances from a specific country (%),SI.RMT.COST.OB.ZS,Latin America & the Caribbean (IDA & IBRD countries),TLA,,,,,,,,,,,,,,,,,,,,,,,,,,,,,,,,,,,,,,,,,,,,,,,,,,,,,,,,,,,,
Average transaction cost of sending remittances from a specific country (%),SI.RMT.COST.OB.ZS,Least developed countries: UN classification,LDC,,,,,,,,,,,,,,,,,,,,,,,,,,,,,,,,,,,,,,,,,,,,,,,,,,,,,,,,,,,,
Average transaction cost of sending remittances from a specific country (%),SI.RMT.COST.OB.ZS,Low & middle income,LMY,,,,,,,,,,,,,,,,,,,,,,,,,,,,,,,,,,,,,,,,,,,,,,,,,,,,,,,,,,,,
Average transaction cost of sending remittances from a specific country (%),SI.RMT.COST.OB.ZS,Low income,LIC,,,,,,,,,,,,,,,,,,,,,,,,,,,,,,,,,,,,,,,,,,,,,,,,,,,,,,,,,,,,
Average transaction cost of sending remittances from a specific country (%),SI.RMT.COST.OB.ZS,Lower middle income,LMC,,,,,,,,,,,,,,,,,,,,,,,,,,,,,,,,,,,,,,,,,,,,,,,,,,,,,,,,,,,,
Average transaction cost of sending remittances from a specific country (%),SI.RMT.COST.OB.ZS,Middle East & North Africa,MEA,,,,,,,,,,,,,,,,,,,,,,,,,,,,,,,,,,,,,,,,,,,,,,,,,,,,,,,,,,,,
Average transaction cost of sending remittances from a specific country (%),SI.RMT.COST.OB.ZS,Middle East & North Africa (excluding high income),MNA,,,,,,,,,,,,,,,,,,,,,,,,,,,,,,,,,,,,,,,,,,,,,,,,,,,,,,,,,,,,
Average transaction cost of sending remittances from a specific country (%),SI.RMT.COST.OB.ZS,Middle East & North Africa (IDA & IBRD countries),TMN,,,,,,,,,,,,,,,,,,,,,,,,,,,,,,,,,,,,,,,,,,,,,,,,,,,,,,,,,,,,
Average transaction cost of sending remittances from a specific country (%),SI.RMT.COST.OB.ZS,Middle income,MIC,,,,,,,,,,,,,,,,,,,,,,,,,,,,,,,,,,,,,,,,,,,,,,,,,,,,,,,,,,,,
Average transaction cost of sending remittances from a specific country (%),SI.RMT.COST.OB.ZS,North America,NAC,,,,,,,,,,,,,,,,,,,,,,,,,,,,,,,,,,,,,,,,,,,,,,,,,,,,,,,,,,,,
Average transaction cost of sending remittances from a specific country (%),SI.RMT.COST.OB.ZS,Not classified,INX,,,,,,,,,,,,,,,,,,,,,,,,,,,,,,,,,,,,,,,,,,,,,,,,,,,,,,,,,,,,
Average transaction cost of sending remittances from a specific country (%),SI.RMT.COST.OB.ZS,OECD members,OED,,,,,,,,,,,,,,,,,,,,,,,,,,,,,,,,,,,,,,,,,,,,,,,,,,,,,,,,,,,,
Average transaction cost of sending remittances from a specific country (%),SI.RMT.COST.OB.ZS,Other small states,OSS,,,,,,,,,,,,,,,,,,,,,,,,,,,,,,,,,,,,,,,,,,,,,,,,,,,,,,,,,,,,
Average transaction cost of sending remittances from a specific country (%),SI.RMT.COST.OB.ZS,Pacific island small states,PSS,,,,,,,,,,,,,,,,,,,,,,,,,,,,,,,,,,,,,,,,,,,,,,,,,,,,,,,,,,,,
Average transaction cost of sending remittances from a specific country (%),SI.RMT.COST.OB.ZS,Post-demographic dividend,PST,,,,,,,,,,,,,,,,,,,,,,,,,,,,,,,,,,,,,,,,,,,,,,,,,,,,,,,,,,,,
Average transaction cost of sending remittances from a specific country (%),SI.RMT.COST.OB.ZS,Pre-demographic dividend,PRE,,,,,,,,,,,,,,,,,,,,,,,,,,,,,,,,,,,,,,,,,,,,,,,,,,,,,,,,,,,,
Average transaction cost of sending remittances from a specific country (%),SI.RMT.COST.OB.ZS,Small states,SST,,,,,,,,,,,,,,,,,,,,,,,,,,,,,,,,,,,,,,,,,,,,,,,,,,,,,,,,,,,,
Average transaction cost of sending remittances from a specific country (%),SI.RMT.COST.OB.ZS,South Asia,SAS,,,,,,,,,,,,,,,,,,,,,,,,,,,,,,,,,,,,,,,,,,,,,,,,,,,,,,,,,,,,
Average transaction cost of sending remittances from a specific country (%),SI.RMT.COST.OB.ZS,South Asia (IDA & IBRD),TSA,,,,,,,,,,,,,,,,,,,,,,,,,,,,,,,,,,,,,,,,,,,,,,,,,,,,,,,,,,,,
Average transaction cost of sending remittances from a specific country (%),SI.RMT.COST.OB.ZS,Sub-Saharan Africa,SSF,,,,,,,,,,,,,,,,,,,,,,,,,,,,,,,,,,,,,,,,,,,,,,,,,,,,,,,,,,,,
Average transaction cost of sending remittances from a specific country (%),SI.RMT.COST.OB.ZS,Sub-Saharan Africa (excluding high income),SSA,,,,,,,,,,,,,,,,,,,,,,,,,,,,,,,,,,,,,,,,,,,,,,,,,,,,,,,,,,,,
Average transaction cost of sending remittances from a specific country (%),SI.RMT.COST.OB.ZS,Sub-Saharan Africa (IDA & IBRD countries),TSS,,,,,,,,,,,,,,,,,,,,,,,,,,,,,,,,,,,,,,,,,,,,,,,,,,,,,,,,,,,,
Average transaction cost of sending remittances from a specific country (%),SI.RMT.COST.OB.ZS,Upper middle income,UMC,,,,,,,,,,,,,,,,,,,,,,,,,,,,,,,,,,,,,,,,,,,,,,,,,,,,,,,,,,,,
Average transaction cost of sending remittances from a specific country (%),SI.RMT.COST.OB.ZS,World,WLD,,,,,,,,,,,,,,,,,,,,,,,,,,,,,,,,,,,,,,,,,,,,,,,,,,,,,,,,,,,,
Average transaction cost of sending remittances to a specific country (%),SI.RMT.COST.IB.ZS,Afghanistan,AFG,,,,,,,,,,,,,,,,,,,,,,,,,,,,,,,,,,,,,,,,,,,,,,,,,,,,,,,,,8.523166172,9.878695652,,
Average transaction cost of sending remittances to a specific country (%),SI.RMT.COST.IB.ZS,Albania,ALB,,,,,,,,,,,,,,,,,,,,,,,,,,,,,,,,,,,,,,,,,,,,,,,,,,,,7.879970324,7.366493633,8.49,8.114390741,7.895235346,8.384892465,8.3834,,
Average transaction cost of sending remittances to a specific country (%),SI.RMT.COST.IB.ZS,Algeria,DZA,,,,,,,,,,,,,,,,,,,,,,,,,,,,,,,,,,,,,,,,,,,,,,,,,,,,14.08476311,12.99285506,13.06,10.11584721,11.8878933,8.098256349,8.255454545,,
Average transaction cost of sending remittances to a specific country (%),SI.RMT.COST.IB.ZS,American Samoa,ASM,,,,,,,,,,,,,,,,,,,,,,,,,,,,,,,,,,,,,,,,,,,,,,,,,,,,,,,,,,,,
Average transaction cost of sending remittances to a specific country (%),SI.RMT.COST.IB.ZS,Andorra,AND,,,,,,,,,,,,,,,,,,,,,,,,,,,,,,,,,,,,,,,,,,,,,,,,,,,,,,,,,,,,
Average transaction cost of sending remittances to a specific country (%),SI.RMT.COST.IB.ZS,Angola,AGO,,,,,,,,,,,,,,,,,,,,,,,,,,,,,,,,,,,,,,,,,,,,,,,,,,,,17.88318579,20.33901663,18.59,19.55328118,16.59170215,16.48609286,18.70428571,,
Average transaction cost of sending remittances to a specific country (%),SI.RMT.COST.IB.ZS,Antigua and Barbuda,ATG,,,,,,,,,,,,,,,,,,,,,,,,,,,,,,,,,,,,,,,,,,,,,,,,,,,,,,,,,,,,
Average transaction cost of sending remittances to a specific country (%),SI.RMT.COST.IB.ZS,Argentina,ARG,,,,,,,,,,,,,,,,,,,,,,,,,,,,,,,,,,,,,,,,,,,,,,,,,,,,,,,,,,,,
Average transaction cost of sending remittances to a specific country (%),SI.RMT.COST.IB.ZS,Armenia,ARM,,,,,,,,,,,,,,,,,,,,,,,,,,,,,,,,,,,,,,,,,,,,,,,,,,,,1.831746032,1.718518519,1.75,1.28849229,1.479317073,3.242005866,3.9675,,
Average transaction cost of sending remittances to a specific country (%),SI.RMT.COST.IB.ZS,Aruba,ABW,,,,,,,,,,,,,,,,,,,,,,,,,,,,,,,,,,,,,,,,,,,,,,,,,,,,,,,,,,,,
Average transaction cost of sending remittances to a specific country (%),SI.RMT.COST.IB.ZS,Australia,AUS,,,,,,,,,,,,,,,,,,,,,,,,,,,,,,,,,,,,,,,,,,,,,,,,,,,,,,,,,,,,
Average transaction cost of sending remittances to a specific country (%),SI.RMT.COST.IB.ZS,Austria,AUT,,,,,,,,,,,,,,,,,,,,,,,,,,,,,,,,,,,,,,,,,,,,,,,,,,,,,,,,,,,,
Average transaction cost of sending remittances to a specific country (%),SI.RMT.COST.IB.ZS,Azerbaijan,AZE,,,,,,,,,,,,,,,,,,,,,,,,,,,,,,,,,,,,,,,,,,,,,,,,,,,,2.343209877,2.087301587,1.78,1.491750746,1.12775842,1.341174345,1.04,,
Average transaction cost of sending remittances to a specific country (%),SI.RMT.COST.IB.ZS,"Bahamas, The",BHS,,,,,,,,,,,,,,,,,,,,,,,,,,,,,,,,,,,,,,,,,,,,,,,,,,,,,,,,,,,,
Average transaction cost of sending remittances to a specific country (%),SI.RMT.COST.IB.ZS,Bahrain,BHR,,,,,,,,,,,,,,,,,,,,,,,,,,,,,,,,,,,,,,,,,,,,,,,,,,,,,,,,,,,,
Average transaction cost of sending remittances to a specific country (%),SI.RMT.COST.IB.ZS,Bangladesh,BGD,,,,,,,,,,,,,,,,,,,,,,,,,,,,,,,,,,,,,,,,,,,,,,,,,,,,3.972120294,4.359810655,4.78,4.494396008,4.164166854,4.123935394,4.421880342,,
Average transaction cost of sending remittances to a specific country (%),SI.RMT.COST.IB.ZS,Barbados,BRB,,,,,,,,,,,,,,,,,,,,,,,,,,,,,,,,,,,,,,,,,,,,,,,,,,,,,,,,,,,,
Average transaction cost of sending remittances to a specific country (%),SI.RMT.COST.IB.ZS,Belarus,BLR,,,,,,,,,,,,,,,,,,,,,,,,,,,,,,,,,,,,,,,,,,,,,,,,,,,,2.403968254,2.232539683,2.1,1.622572816,1.362256098,1.389237805,1.337142857,,
Average transaction cost of sending remittances to a specific country (%),SI.RMT.COST.IB.ZS,Belgium,BEL,,,,,,,,,,,,,,,,,,,,,,,,,,,,,,,,,,,,,,,,,,,,,,,,,,,,,,,,,,,,
Average transaction cost of sending remittances to a specific country (%),SI.RMT.COST.IB.ZS,Belize,BLZ,,,,,,,,,,,,,,,,,,,,,,,,,,,,,,,,,,,,,,,,,,,,,,,,,,,,,,,,,,,,
Average transaction cost of sending remittances to a specific country (%),SI.RMT.COST.IB.ZS,Benin,BEN,,,,,,,,,,,,,,,,,,,,,,,,,,,,,,,,,,,,,,,,,,,,,,,,,,,,,,,,,10.06926121,18.3,,
Average transaction cost of sending remittances to a specific country (%),SI.RMT.COST.IB.ZS,Bermuda,BMU,,,,,,,,,,,,,,,,,,,,,,,,,,,,,,,,,,,,,,,,,,,,,,,,,,,,,,,,,,,,
Average transaction cost of sending remittances to a specific country (%),SI.RMT.COST.IB.ZS,Bhutan,BTN,,,,,,,,,,,,,,,,,,,,,,,,,,,,,,,,,,,,,,,,,,,,,,,,,,,,,,,,,,,,
Average transaction cost of sending remittances to a specific country (%),SI.RMT.COST.IB.ZS,Bolivia,BOL,,,,,,,,,,,,,,,,,,,,,,,,,,,,,,,,,,,,,,,,,,,,,,,,,,,,11.51758389,5.545777304,3.88,2.914906339,7.109982477,5.526707678,4.095263158,,
Average transaction cost of sending remittances to a specific country (%),SI.RMT.COST.IB.ZS,Bosnia and Herzegovina,BIH,,,,,,,,,,,,,,,,,,,,,,,,,,,,,,,,,,,,,,,,,,,,,,,,,,,,13.92933837,10.41719906,12.35,8.271210533,7.28069695,9.269901538,6.497647059,,
Average transaction cost of sending remittances to a specific country (%),SI.RMT.COST.IB.ZS,Botswana,BWA,,,,,,,,,,,,,,,,,,,,,,,,,,,,,,,,,,,,,,,,,,,,,,,,,,,,19.57251264,22.69164048,18.31,22.1434923,19.71306537,19.23098308,19.14625,,
Average transaction cost of sending remittances to a specific country (%),SI.RMT.COST.IB.ZS,Brazil,BRA,,,,,,,,,,,,,,,,,,,,,,,,,,,,,,,,,,,,,,,,,,,,,,,,,,,,13.41871797,12.99323154,11.94,7.658889312,7.00663445,6.810878369,6.329666667,,
Average transaction cost of sending remittances to a specific country (%),SI.RMT.COST.IB.ZS,British Virgin Islands,VGB,,,,,,,,,,,,,,,,,,,,,,,,,,,,,,,,,,,,,,,,,,,,,,,,,,,,,,,,,,,,
Average transaction cost of sending remittances to a specific country (%),SI.RMT.COST.IB.ZS,Brunei Darussalam,BRN,,,,,,,,,,,,,,,,,,,,,,,,,,,,,,,,,,,,,,,,,,,,,,,,,,,,,,,,,,,,
Average transaction cost of sending remittances to a specific country (%),SI.RMT.COST.IB.ZS,Bulgaria,BGR,,,,,,,,,,,,,,,,,,,,,,,,,,,,,,,,,,,,,,,,,,,,,,,,,,,,9.096905956,9.744391542,12.04,10.76240916,9.164855117,8.868583098,8.177142857,,
Average transaction cost of sending remittances to a specific country (%),SI.RMT.COST.IB.ZS,Burkina Faso,BFA,,,,,,,,,,,,,,,,,,,,,,,,,,,,,,,,,,,,,,,,,,,,,,,,,,,,,,,,,,,,
Average transaction cost of sending remittances to a specific country (%),SI.RMT.COST.IB.ZS,Burundi,BDI,,,,,,,,,,,,,,,,,,,,,,,,,,,,,,,,,,,,,,,,,,,,,,,,,,,,,,,,,,,,
Average transaction cost of sending remittances to a specific country (%),SI.RMT.COST.IB.ZS,Cabo Verde,CPV,,,,,,,,,,,,,,,,,,,,,,,,,,,,,,,,,,,,,,,,,,,,,,,,,,,,9.499669948,9.871830708,11.16,10.07351852,10.69202381,9.076579844,10.15076923,,
Average transaction cost of sending remittances to a specific country (%),SI.RMT.COST.IB.ZS,Cambodia,KHM,,,,,,,,,,,,,,,,,,,,,,,,,,,,,,,,,,,,,,,,,,,,,,,,,,,,,,,,,13.56349966,15.06454545,,
Average transaction cost of sending remittances to a specific country (%),SI.RMT.COST.IB.ZS,Cameroon,CMR,,,,,,,,,,,,,,,,,,,,,,,,,,,,,,,,,,,,,,,,,,,,,,,,,,,,,,,,,4.446428571,4.404444444,,
Average transaction cost of sending remittances to a specific country (%),SI.RMT.COST.IB.ZS,Canada,CAN,,,,,,,,,,,,,,,,,,,,,,,,,,,,,,,,,,,,,,,,,,,,,,,,,,,,,,,,,,,,
Average transaction cost of sending remittances to a specific country (%),SI.RMT.COST.IB.ZS,Cayman Islands,CYM,,,,,,,,,,,,,,,,,,,,,,,,,,,,,,,,,,,,,,,,,,,,,,,,,,,,,,,,,,,,
Average transaction cost of sending remittances to a specific country (%),SI.RMT.COST.IB.ZS,Central African Republic,CAF,,,,,,,,,,,,,,,,,,,,,,,,,,,,,,,,,,,,,,,,,,,,,,,,,,,,,,,,,,,,
Average transaction cost of sending remittances to a specific country (%),SI.RMT.COST.IB.ZS,Chad,TCD,,,,,,,,,,,,,,,,,,,,,,,,,,,,,,,,,,,,,,,,,,,,,,,,,,,,,,,,,,,,
Average transaction cost of sending remittances to a specific country (%),SI.RMT.COST.IB.ZS,Channel Islands,CHI,,,,,,,,,,,,,,,,,,,,,,,,,,,,,,,,,,,,,,,,,,,,,,,,,,,,,,,,,,,,
Average transaction cost of sending remittances to a specific country (%),SI.RMT.COST.IB.ZS,Chile,CHL,,,,,,,,,,,,,,,,,,,,,,,,,,,,,,,,,,,,,,,,,,,,,,,,,,,,,,,,,,,,
Average transaction cost of sending remittances to a specific country (%),SI.RMT.COST.IB.ZS,China,CHN,,,,,,,,,,,,,,,,,,,,,,,,,,,,,,,,,,,,,,,,,,,,,,,,,,,,11.92306123,12.01151389,11.99,10.48884253,10.17998479,10.24066005,9.998315789,,
Average transaction cost of sending remittances to a specific country (%),SI.RMT.COST.IB.ZS,Colombia,COL,,,,,,,,,,,,,,,,,,,,,,,,,,,,,,,,,,,,,,,,,,,,,,,,,,,,6.691249482,6.651024705,5.58,4.56208682,6.180347158,7.113748114,5.355428571,,
Average transaction cost of sending remittances to a specific country (%),SI.RMT.COST.IB.ZS,Comoros,COM,,,,,,,,,,,,,,,,,,,,,,,,,,,,,,,,,,,,,,,,,,,,,,,,,,,,,,,,,5.936949412,4.788888889,,
Average transaction cost of sending remittances to a specific country (%),SI.RMT.COST.IB.ZS,"Congo, Dem. Rep.",COD,,,,,,,,,,,,,,,,,,,,,,,,,,,,,,,,,,,,,,,,,,,,,,,,,,,,8.849808448,7.814167463,10.57,8.864285714,6.047619048,8.223010148,8.675,,
Average transaction cost of sending remittances to a specific country (%),SI.RMT.COST.IB.ZS,"Congo, Rep.",COG,,,,,,,,,,,,,,,,,,,,,,,,,,,,,,,,,,,,,,,,,,,,,,,,,,,,,,,,,,,,
Average transaction cost of sending remittances to a specific country (%),SI.RMT.COST.IB.ZS,Costa Rica,CRI,,,,,,,,,,,,,,,,,,,,,,,,,,,,,,,,,,,,,,,,,,,,,,,,,,,,,,,,,5.610940427,5.71375,,
Average transaction cost of sending remittances to a specific country (%),SI.RMT.COST.IB.ZS,Cote d'Ivoire,CIV,,,,,,,,,,,,,,,,,,,,,,,,,,,,,,,,,,,,,,,,,,,,,,,,,,,,12.0289916,11.95436508,10.95,11.22619048,6.047619048,5.744047619,5.52,,
Average transaction cost of sending remittances to a specific country (%),SI.RMT.COST.IB.ZS,Croatia,HRV,,,,,,,,,,,,,,,,,,,,,,,,,,,,,,,,,,,,,,,,,,,,,,,,,,,,20.62964235,11.1354252,5.65,4.976444867,4.107045724,5.55218618,6.257916667,,
Average transaction cost of sending remittances to a specific country (%),SI.RMT.COST.IB.ZS,Cuba,CUB,,,,,,,,,,,,,,,,,,,,,,,,,,,,,,,,,,,,,,,,,,,,,,,,,,,,,,,,,5.166666667,11,,
Average transaction cost of sending remittances to a specific country (%),SI.RMT.COST.IB.ZS,Curacao,CUW,,,,,,,,,,,,,,,,,,,,,,,,,,,,,,,,,,,,,,,,,,,,,,,,,,,,,,,,,,,,
Average transaction cost of sending remittances to a specific country (%),SI.RMT.COST.IB.ZS,Cyprus,CYP,,,,,,,,,,,,,,,,,,,,,,,,,,,,,,,,,,,,,,,,,,,,,,,,,,,,,,,,,,,,
Average transaction cost of sending remittances to a specific country (%),SI.RMT.COST.IB.ZS,Czech Republic,CZE,,,,,,,,,,,,,,,,,,,,,,,,,,,,,,,,,,,,,,,,,,,,,,,,,,,,,,,,,,,,
Average transaction cost of sending remittances to a specific country (%),SI.RMT.COST.IB.ZS,Denmark,DNK,,,,,,,,,,,,,,,,,,,,,,,,,,,,,,,,,,,,,,,,,,,,,,,,,,,,,,,,,,,,
Average transaction cost of sending remittances to a specific country (%),SI.RMT.COST.IB.ZS,Djibouti,DJI,,,,,,,,,,,,,,,,,,,,,,,,,,,,,,,,,,,,,,,,,,,,,,,,,,,,,,,,,,,,
Average transaction cost of sending remittances to a specific country (%),SI.RMT.COST.IB.ZS,Dominica,DMA,,,,,,,,,,,,,,,,,,,,,,,,,,,,,,,,,,,,,,,,,,,,,,,,,,,,,,,,,,,,
Average transaction cost of sending remittances to a specific country (%),SI.RMT.COST.IB.ZS,Dominican Republic,DOM,,,,,,,,,,,,,,,,,,,,,,,,,,,,,,,,,,,,,,,,,,,,,,,,,,,,5.777934469,7.567353631,6.47,6.007463241,6.4116911,6.517889077,6.829512195,,
Average transaction cost of sending remittances to a specific country (%),SI.RMT.COST.IB.ZS,Ecuador,ECU,,,,,,,,,,,,,,,,,,,,,,,,,,,,,,,,,,,,,,,,,,,,,,,,,,,,4.599934371,4.6247151,4.52,4.343836811,4.335585342,4.003807941,4.021777778,,
Average transaction cost of sending remittances to a specific country (%),SI.RMT.COST.IB.ZS,"Egypt, Arab Rep.",EGY,,,,,,,,,,,,,,,,,,,,,,,,,,,,,,,,,,,,,,,,,,,,,,,,,,,,4.152018782,4.28066211,3.85,4.462883424,5.668160083,4.965863812,5.295061728,,
Average transaction cost of sending remittances to a specific country (%),SI.RMT.COST.IB.ZS,El Salvador,SLV,,,,,,,,,,,,,,,,,,,,,,,,,,,,,,,,,,,,,,,,,,,,,,,,,,,,4.693333333,5.294318182,4.61,4.143947368,4.216521739,4.303478261,3.915833333,,
Average transaction cost of sending remittances to a specific country (%),SI.RMT.COST.IB.ZS,Equatorial Guinea,GNQ,,,,,,,,,,,,,,,,,,,,,,,,,,,,,,,,,,,,,,,,,,,,,,,,,,,,,,,,,,,,
Average transaction cost of sending remittances to a specific country (%),SI.RMT.COST.IB.ZS,Eritrea,ERI,,,,,,,,,,,,,,,,,,,,,,,,,,,,,,,,,,,,,,,,,,,,,,,,,,,,12.10544973,12.9924191,10.48,8.69,9.09069356,7.749520348,11.4675,,
Average transaction cost of sending remittances to a specific country (%),SI.RMT.COST.IB.ZS,Estonia,EST,,,,,,,,,,,,,,,,,,,,,,,,,,,,,,,,,,,,,,,,,,,,,,,,,,,,4.621428571,4.01031746,4.71,3.56,5.830317073,3.80659187,6.38,,
Average transaction cost of sending remittances to a specific country (%),SI.RMT.COST.IB.ZS,Eswatini,SWZ,,,,,,,,,,,,,,,,,,,,,,,,,,,,,,,,,,,,,,,,,,,,,,,,,,,,14.29318735,17.7014328,15.79,16.81140189,13.83451512,15.94277372,15.87142857,,
Average transaction cost of sending remittances to a specific country (%),SI.RMT.COST.IB.ZS,Ethiopia,ETH,,,,,,,,,,,,,,,,,,,,,,,,,,,,,,,,,,,,,,,,,,,,,,,,,,,,9.293319323,8.497135273,7.81,7.572258344,7.898341423,7.123666464,6.476206897,,
Average transaction cost of sending remittances to a specific country (%),SI.RMT.COST.IB.ZS,Faroe Islands,FRO,,,,,,,,,,,,,,,,,,,,,,,,,,,,,,,,,,,,,,,,,,,,,,,,,,,,,,,,,,,,
Average transaction cost of sending remittances to a specific country (%),SI.RMT.COST.IB.ZS,Fiji,FJI,,,,,,,,,,,,,,,,,,,,,,,,,,,,,,,,,,,,,,,,,,,,,,,,,,,,13.37213307,11.02752896,10.55,9.671470469,9.645182701,9.395555014,8.9135,,
Average transaction cost of sending remittances to a specific country (%),SI.RMT.COST.IB.ZS,Finland,FIN,,,,,,,,,,,,,,,,,,,,,,,,,,,,,,,,,,,,,,,,,,,,,,,,,,,,,,,,,,,,
Average transaction cost of sending remittances to a specific country (%),SI.RMT.COST.IB.ZS,France,FRA,,,,,,,,,,,,,,,,,,,,,,,,,,,,,,,,,,,,,,,,,,,,,,,,,,,,,,,,,,,,
Average transaction cost of sending remittances to a specific country (%),SI.RMT.COST.IB.ZS,French Polynesia,PYF,,,,,,,,,,,,,,,,,,,,,,,,,,,,,,,,,,,,,,,,,,,,,,,,,,,,,,,,,,,,
Average transaction cost of sending remittances to a specific country (%),SI.RMT.COST.IB.ZS,Gabon,GAB,,,,,,,,,,,,,,,,,,,,,,,,,,,,,,,,,,,,,,,,,,,,,,,,,,,,,,,,,,,,
Average transaction cost of sending remittances to a specific country (%),SI.RMT.COST.IB.ZS,"Gambia, The",GMB,,,,,,,,,,,,,,,,,,,,,,,,,,,,,,,,,,,,,,,,,,,,,,,,,,,,9.406178523,5.854173967,19.71,9.742178223,10.03037062,12.46131284,9.717,,
Average transaction cost of sending remittances to a specific country (%),SI.RMT.COST.IB.ZS,Georgia,GEO,,,,,,,,,,,,,,,,,,,,,,,,,,,,,,,,,,,,,,,,,,,,,,,,,,,,2.63015873,2.398589065,2.07,1.563212858,1.171075494,1.308180894,1.34,,
Average transaction cost of sending remittances to a specific country (%),SI.RMT.COST.IB.ZS,Germany,DEU,,,,,,,,,,,,,,,,,,,,,,,,,,,,,,,,,,,,,,,,,,,,,,,,,,,,,,,,,,,,
Average transaction cost of sending remittances to a specific country (%),SI.RMT.COST.IB.ZS,Ghana,GHA,,,,,,,,,,,,,,,,,,,,,,,,,,,,,,,,,,,,,,,,,,,,,,,,,,,,11.603803,11.52215815,10.62,8.03664301,9.425908042,7.855606778,7.190169492,,
Average transaction cost of sending remittances to a specific country (%),SI.RMT.COST.IB.ZS,Gibraltar,GIB,,,,,,,,,,,,,,,,,,,,,,,,,,,,,,,,,,,,,,,,,,,,,,,,,,,,,,,,,,,,
Average transaction cost of sending remittances to a specific country (%),SI.RMT.COST.IB.ZS,Greece,GRC,,,,,,,,,,,,,,,,,,,,,,,,,,,,,,,,,,,,,,,,,,,,,,,,,,,,,,,,,,,,
Average transaction cost of sending remittances to a specific country (%),SI.RMT.COST.IB.ZS,Greenland,GRL,,,,,,,,,,,,,,,,,,,,,,,,,,,,,,,,,,,,,,,,,,,,,,,,,,,,,,,,,,,,
Average transaction cost of sending remittances to a specific country (%),SI.RMT.COST.IB.ZS,Grenada,GRD,,,,,,,,,,,,,,,,,,,,,,,,,,,,,,,,,,,,,,,,,,,,,,,,,,,,,,,,,,,,
Average transaction cost of sending remittances to a specific country (%),SI.RMT.COST.IB.ZS,Guam,GUM,,,,,,,,,,,,,,,,,,,,,,,,,,,,,,,,,,,,,,,,,,,,,,,,,,,,,,,,,,,,
Average transaction cost of sending remittances to a specific country (%),SI.RMT.COST.IB.ZS,Guatemala,GTM,,,,,,,,,,,,,,,,,,,,,,,,,,,,,,,,,,,,,,,,,,,,,,,,,,,,5.51658046,6.200564015,4.99,4.740397849,4.699675537,5.294361672,4.98875,,
Average transaction cost of sending remittances to a specific country (%),SI.RMT.COST.IB.ZS,Guinea,GIN,,,,,,,,,,,,,,,,,,,,,,,,,,,,,,,,,,,,,,,,,,,,,,,,,,,,,,,,,,,,
Average transaction cost of sending remittances to a specific country (%),SI.RMT.COST.IB.ZS,Guinea-Bissau,GNB,,,,,,,,,,,,,,,,,,,,,,,,,,,,,,,,,,,,,,,,,,,,,,,,,,,,,,,,,,,,
Average transaction cost of sending remittances to a specific country (%),SI.RMT.COST.IB.ZS,Guyana,GUY,,,,,,,,,,,,,,,,,,,,,,,,,,,,,,,,,,,,,,,,,,,,,,,,,,,,7.2805613,5.91601428,8.46,9.235453774,8.661762171,9.81064044,8.471666667,,
Average transaction cost of sending remittances to a specific country (%),SI.RMT.COST.IB.ZS,Haiti,HTI,,,,,,,,,,,,,,,,,,,,,,,,,,,,,,,,,,,,,,,,,,,,,,,,,,,,10.82691474,9.458321365,9.87,8.250973815,9.409058579,8.040171525,8.089090909,,
Average transaction cost of sending remittances to a specific country (%),SI.RMT.COST.IB.ZS,Honduras,HND,,,,,,,,,,,,,,,,,,,,,,,,,,,,,,,,,,,,,,,,,,,,,,,,,,,,5.142758066,7.701603842,4.83,5.253177896,4.245063829,5.791799238,4.192631579,,
Average transaction cost of sending remittances to a specific country (%),SI.RMT.COST.IB.ZS,"Hong Kong SAR, China",HKG,,,,,,,,,,,,,,,,,,,,,,,,,,,,,,,,,,,,,,,,,,,,,,,,,,,,,,,,,,,,
Average transaction cost of sending remittances to a specific country (%),SI.RMT.COST.IB.ZS,Hungary,HUN,,,,,,,,,,,,,,,,,,,,,,,,,,,,,,,,,,,,,,,,,,,,,,,,,,,,,9.969325697,13.11,5.098935804,6.061012791,7.182446296,8.078076923,,
Average transaction cost of sending remittances to a specific country (%),SI.RMT.COST.IB.ZS,Iceland,ISL,,,,,,,,,,,,,,,,,,,,,,,,,,,,,,,,,,,,,,,,,,,,,,,,,,,,,,,,,,,,
Average transaction cost of sending remittances to a specific country (%),SI.RMT.COST.IB.ZS,India,IND,,,,,,,,,,,,,,,,,,,,,,,,,,,,,,,,,,,,,,,,,,,,,,,,,,,,6.962185361,7.833534276,8.57,7.003416776,6.504849903,6.230435052,5.975060606,,
Average transaction cost of sending remittances to a specific country (%),SI.RMT.COST.IB.ZS,Indonesia,IDN,,,,,,,,,,,,,,,,,,,,,,,,,,,,,,,,,,,,,,,,,,,,,,,,,,,,5.941023523,6.006355592,7.61,7.319346545,6.903475204,7.426189645,7.132881356,,
Average transaction cost of sending remittances to a specific country (%),SI.RMT.COST.IB.ZS,"Iran, Islamic Rep.",IRN,,,,,,,,,,,,,,,,,,,,,,,,,,,,,,,,,,,,,,,,,,,,,,,,,,,,,,,,,,,,
Average transaction cost of sending remittances to a specific country (%),SI.RMT.COST.IB.ZS,Iraq,IRQ,,,,,,,,,,,,,,,,,,,,,,,,,,,,,,,,,,,,,,,,,,,,,,,,,,,,,,,,,,,,
Average transaction cost of sending remittances to a specific country (%),SI.RMT.COST.IB.ZS,Ireland,IRL,,,,,,,,,,,,,,,,,,,,,,,,,,,,,,,,,,,,,,,,,,,,,,,,,,,,,,,,,,,,
Average transaction cost of sending remittances to a specific country (%),SI.RMT.COST.IB.ZS,Isle of Man,IMN,,,,,,,,,,,,,,,,,,,,,,,,,,,,,,,,,,,,,,,,,,,,,,,,,,,,,,,,,,,,
Average transaction cost of sending remittances to a specific country (%),SI.RMT.COST.IB.ZS,Israel,ISR,,,,,,,,,,,,,,,,,,,,,,,,,,,,,,,,,,,,,,,,,,,,,,,,,,,,,,,,,,,,
Average transaction cost of sending remittances to a specific country (%),SI.RMT.COST.IB.ZS,Italy,ITA,,,,,,,,,,,,,,,,,,,,,,,,,,,,,,,,,,,,,,,,,,,,,,,,,,,,,,,,,,,,
Average transaction cost of sending remittances to a specific country (%),SI.RMT.COST.IB.ZS,Jamaica,JAM,,,,,,,,,,,,,,,,,,,,,,,,,,,,,,,,,,,,,,,,,,,,,,,,,,,,8.943344399,8.107643622,9.59,9.014926468,8.534216106,8.3556556,8.888275862,,
Average transaction cost of sending remittances to a specific country (%),SI.RMT.COST.IB.ZS,Japan,JPN,,,,,,,,,,,,,,,,,,,,,,,,,,,,,,,,,,,,,,,,,,,,,,,,,,,,,,,,,,,,
Average transaction cost of sending remittances to a specific country (%),SI.RMT.COST.IB.ZS,Jordan,JOR,,,,,,,,,,,,,,,,,,,,,,,,,,,,,,,,,,,,,,,,,,,,,,,,,,,,5.311930952,4.366673023,5,5.954037513,5.777574582,5.488619361,5.7034,,
Average transaction cost of sending remittances to a specific country (%),SI.RMT.COST.IB.ZS,Kazakhstan,KAZ,,,,,,,,,,,,,,,,,,,,,,,,,,,,,,,,,,,,,,,,,,,,,,,,,,,,2.282363316,2.649029982,2.01,1.614281635,1.429031359,1.614543812,1.34,,
Average transaction cost of sending remittances to a specific country (%),SI.RMT.COST.IB.ZS,Kenya,KEN,,,,,,,,,,,,,,,,,,,,,,,,,,,,,,,,,,,,,,,,,,,,,,,,,,,,13.10235864,12.21312972,12.37,10.41905774,8.832867517,8.983120634,7.925915493,,
Average transaction cost of sending remittances to a specific country (%),SI.RMT.COST.IB.ZS,Kiribati,KIR,,,,,,,,,,,,,,,,,,,,,,,,,,,,,,,,,,,,,,,,,,,,,,,,,,,,11.98432805,,,,,,,,
Average transaction cost of sending remittances to a specific country (%),SI.RMT.COST.IB.ZS,"Korea, Dem. People’s Rep.",PRK,,,,,,,,,,,,,,,,,,,,,,,,,,,,,,,,,,,,,,,,,,,,,,,,,,,,,,,,,,,,
Average transaction cost of sending remittances to a specific country (%),SI.RMT.COST.IB.ZS,"Korea, Rep.",KOR,,,,,,,,,,,,,,,,,,,,,,,,,,,,,,,,,,,,,,,,,,,,,,,,,,,,,,,,,,,,
Average transaction cost of sending remittances to a specific country (%),SI.RMT.COST.IB.ZS,Kosovo,XKX,,,,,,,,,,,,,,,,,,,,,,,,,,,,,,,,,,,,,,,,,,,,,,,,,,,,,,,,,8.213678569,7.005769231,,
Average transaction cost of sending remittances to a specific country (%),SI.RMT.COST.IB.ZS,Kuwait,KWT,,,,,,,,,,,,,,,,,,,,,,,,,,,,,,,,,,,,,,,,,,,,,,,,,,,,,,,,,,,,
Average transaction cost of sending remittances to a specific country (%),SI.RMT.COST.IB.ZS,Kyrgyz Republic,KGZ,,,,,,,,,,,,,,,,,,,,,,,,,,,,,,,,,,,,,,,,,,,,,,,,,,,,2.21978022,2.032967033,1.9,1.5070079,1.2454102,3.37665737,4.006666667,,
Average transaction cost of sending remittances to a specific country (%),SI.RMT.COST.IB.ZS,Lao PDR,LAO,,,,,,,,,,,,,,,,,,,,,,,,,,,,,,,,,,,,,,,,,,,,,,,,,,,,,,,,,13.88852875,16.32222222,,
Average transaction cost of sending remittances to a specific country (%),SI.RMT.COST.IB.ZS,Latvia,LVA,,,,,,,,,,,,,,,,,,,,,,,,,,,,,,,,,,,,,,,,,,,,,,,,,,,,4.251785714,3.230952381,4.38,3.128498001,4.782764228,3.333495935,5.104,,
Average transaction cost of sending remittances to a specific country (%),SI.RMT.COST.IB.ZS,Lebanon,LBN,,,,,,,,,,,,,,,,,,,,,,,,,,,,,,,,,,,,,,,,,,,,,,,,,,,,13.56729865,11.44192411,10.86,11.8523173,13.12627109,11.98596469,11.65717949,,
Average transaction cost of sending remittances to a specific country (%),SI.RMT.COST.IB.ZS,Lesotho,LSO,,,,,,,,,,,,,,,,,,,,,,,,,,,,,,,,,,,,,,,,,,,,,,,,,,,,14.29318735,17.49997295,15.79,16.81140189,13.83451512,15.94277372,15.87142857,,
Average transaction cost of sending remittances to a specific country (%),SI.RMT.COST.IB.ZS,Liberia,LBR,,,,,,,,,,,,,,,,,,,,,,,,,,,,,,,,,,,,,,,,,,,,,,,,,,,,,5.047,5.18,5.177857143,5.035,5.535,5.535714286,,
Average transaction cost of sending remittances to a specific country (%),SI.RMT.COST.IB.ZS,Libya,LBY,,,,,,,,,,,,,,,,,,,,,,,,,,,,,,,,,,,,,,,,,,,,,,,,,,,,,,,,,,,,
Average transaction cost of sending remittances to a specific country (%),SI.RMT.COST.IB.ZS,Liechtenstein,LIE,,,,,,,,,,,,,,,,,,,,,,,,,,,,,,,,,,,,,,,,,,,,,,,,,,,,,,,,,,,,
Average transaction cost of sending remittances to a specific country (%),SI.RMT.COST.IB.ZS,Lithuania,LTU,,,,,,,,,,,,,,,,,,,,,,,,,,,,,,,,,,,,,,,,,,,,,,,,,,,,7.797600318,7.238248605,8.7,9.058454808,8.19006245,5.36555326,7.07,,
Average transaction cost of sending remittances to a specific country (%),SI.RMT.COST.IB.ZS,Luxembourg,LUX,,,,,,,,,,,,,,,,,,,,,,,,,,,,,,,,,,,,,,,,,,,,,,,,,,,,,,,,,,,,
Average transaction cost of sending remittances to a specific country (%),SI.RMT.COST.IB.ZS,"Macao SAR, China",MAC,,,,,,,,,,,,,,,,,,,,,,,,,,,,,,,,,,,,,,,,,,,,,,,,,,,,,,,,,,,,
Average transaction cost of sending remittances to a specific country (%),SI.RMT.COST.IB.ZS,Madagascar,MDG,,,,,,,,,,,,,,,,,,,,,,,,,,,,,,,,,,,,,,,,,,,,,,,,,,,,,,,,,9.081809221,7.922,,
Average transaction cost of sending remittances to a specific country (%),SI.RMT.COST.IB.ZS,Malawi,MWI,,,,,,,,,,,,,,,,,,,,,,,,,,,,,,,,,,,,,,,,,,,,,,,,,,,,16.18825753,21.58473431,25.69,21.95883271,9.140682356,17.3152946,16.951,,
Average transaction cost of sending remittances to a specific country (%),SI.RMT.COST.IB.ZS,Malaysia,MYS,,,,,,,,,,,,,,,,,,,,,,,,,,,,,,,,,,,,,,,,,,,,,,,,,,,,7.147923369,7.460863628,8.99,8.272078398,5.728242423,8.602710525,8.056666667,,
Average transaction cost of sending remittances to a specific country (%),SI.RMT.COST.IB.ZS,Maldives,MDV,,,,,,,,,,,,,,,,,,,,,,,,,,,,,,,,,,,,,,,,,,,,,,,,,,,,,,,,,,,,
Average transaction cost of sending remittances to a specific country (%),SI.RMT.COST.IB.ZS,Mali,MLI,,,,,,,,,,,,,,,,,,,,,,,,,,,,,,,,,,,,,,,,,,,,,,,,,,,,11.23276583,11.50574757,11.08,11.05344719,5.110835893,5.33340707,5.050526316,,
Average transaction cost of sending remittances to a specific country (%),SI.RMT.COST.IB.ZS,Malta,MLT,,,,,,,,,,,,,,,,,,,,,,,,,,,,,,,,,,,,,,,,,,,,,,,,,,,,,,,,,,,,
Average transaction cost of sending remittances to a specific country (%),SI.RMT.COST.IB.ZS,Marshall Islands,MHL,,,,,,,,,,,,,,,,,,,,,,,,,,,,,,,,,,,,,,,,,,,,,,,,,,,,,,,,,,,,
Average transaction cost of sending remittances to a specific country (%),SI.RMT.COST.IB.ZS,Mauritania,MRT,,,,,,,,,,,,,,,,,,,,,,,,,,,,,,,,,,,,,,,,,,,,,,,,,,,,,,,,,,,,
Average transaction cost of sending remittances to a specific country (%),SI.RMT.COST.IB.ZS,Mauritius,MUS,,,,,,,,,,,,,,,,,,,,,,,,,,,,,,,,,,,,,,,,,,,,,,,,,,,,,,,,,,,,
Average transaction cost of sending remittances to a specific country (%),SI.RMT.COST.IB.ZS,Mexico,MEX,,,,,,,,,,,,,,,,,,,,,,,,,,,,,,,,,,,,,,,,,,,,,,,,,,,,5.966,5.56,4.41,4.476208977,5.585926901,6.353787879,4.468888889,,
Average transaction cost of sending remittances to a specific country (%),SI.RMT.COST.IB.ZS,"Micronesia, Fed. Sts.",FSM,,,,,,,,,,,,,,,,,,,,,,,,,,,,,,,,,,,,,,,,,,,,,,,,,,,,,,,,,,,,
Average transaction cost of sending remittances to a specific country (%),SI.RMT.COST.IB.ZS,Moldova,MDA,,,,,,,,,,,,,,,,,,,,,,,,,,,,,,,,,,,,,,,,,,,,,,,,,,,,7.720627491,6.895416077,6.92,6.532022851,5.69925519,6.65991102,5.735,,
Average transaction cost of sending remittances to a specific country (%),SI.RMT.COST.IB.ZS,Monaco,MCO,,,,,,,,,,,,,,,,,,,,,,,,,,,,,,,,,,,,,,,,,,,,,,,,,,,,,,,,,,,,
Average transaction cost of sending remittances to a specific country (%),SI.RMT.COST.IB.ZS,Mongolia,MNG,,,,,,,,,,,,,,,,,,,,,,,,,,,,,,,,,,,,,,,,,,,,,,,,,,,,,,,,,,,,
Average transaction cost of sending remittances to a specific country (%),SI.RMT.COST.IB.ZS,Montenegro,MNE,,,,,,,,,,,,,,,,,,,,,,,,,,,,,,,,,,,,,,,,,,,,,,,,,,,,,,,,,,,,
Average transaction cost of sending remittances to a specific country (%),SI.RMT.COST.IB.ZS,Morocco,MAR,,,,,,,,,,,,,,,,,,,,,,,,,,,,,,,,,,,,,,,,,,,,,,,,,,,,8.469922137,8.312760286,8.05,7.49234782,6.990480645,6.83917344,6.780869565,,
Average transaction cost of sending remittances to a specific country (%),SI.RMT.COST.IB.ZS,Mozambique,MOZ,,,,,,,,,,,,,,,,,,,,,,,,,,,,,,,,,,,,,,,,,,,,,,,,,,,,19.73740123,22.21189694,21.07,21.76065317,18.16411188,15.77492221,14.67071429,,
Average transaction cost of sending remittances to a specific country (%),SI.RMT.COST.IB.ZS,Myanmar,MMR,,,,,,,,,,,,,,,,,,,,,,,,,,,,,,,,,,,,,,,,,,,,,,,,,,,,,,,,,7.358977211,12.13454545,,
Average transaction cost of sending remittances to a specific country (%),SI.RMT.COST.IB.ZS,Namibia,NAM,,,,,,,,,,,,,,,,,,,,,,,,,,,,,,,,,,,,,,,,,,,,,,,,,,,,,,,,,16.68805704,27.645,,
Average transaction cost of sending remittances to a specific country (%),SI.RMT.COST.IB.ZS,Nauru,NRU,,,,,,,,,,,,,,,,,,,,,,,,,,,,,,,,,,,,,,,,,,,,,,,,,,,,,,,,,,,,
Average transaction cost of sending remittances to a specific country (%),SI.RMT.COST.IB.ZS,Nepal,NPL,,,,,,,,,,,,,,,,,,,,,,,,,,,,,,,,,,,,,,,,,,,,,,,,,,,,5.583695699,5.384293204,4.89,4.999535366,3.572954324,4.37740558,4.690512821,,
Average transaction cost of sending remittances to a specific country (%),SI.RMT.COST.IB.ZS,Netherlands,NLD,,,,,,,,,,,,,,,,,,,,,,,,,,,,,,,,,,,,,,,,,,,,,,,,,,,,,,,,,,,,
Average transaction cost of sending remittances to a specific country (%),SI.RMT.COST.IB.ZS,New Caledonia,NCL,,,,,,,,,,,,,,,,,,,,,,,,,,,,,,,,,,,,,,,,,,,,,,,,,,,,,,,,,,,,
Average transaction cost of sending remittances to a specific country (%),SI.RMT.COST.IB.ZS,New Zealand,NZL,,,,,,,,,,,,,,,,,,,,,,,,,,,,,,,,,,,,,,,,,,,,,,,,,,,,,,,,,,,,
Average transaction cost of sending remittances to a specific country (%),SI.RMT.COST.IB.ZS,Nicaragua,NIC,,,,,,,,,,,,,,,,,,,,,,,,,,,,,,,,,,,,,,,,,,,,,,,,,,,,4.504814815,4.222488054,4.43,4.570892857,4.0584,4.082291667,4.16,,
Average transaction cost of sending remittances to a specific country (%),SI.RMT.COST.IB.ZS,Niger,NER,,,,,,,,,,,,,,,,,,,,,,,,,,,,,,,,,,,,,,,,,,,,,,,,,,,,,,,,,,,,
Average transaction cost of sending remittances to a specific country (%),SI.RMT.COST.IB.ZS,Nigeria,NGA,,,,,,,,,,,,,,,,,,,,,,,,,,,,,,,,,,,,,,,,,,,,,,,,,,,,10.10992247,9.680719224,9.74,6.841553457,7.745451612,8.588608049,8.511710526,,
Average transaction cost of sending remittances to a specific country (%),SI.RMT.COST.IB.ZS,North Macedonia,MKD,,,,,,,,,,,,,,,,,,,,,,,,,,,,,,,,,,,,,,,,,,,,,,,,,,,,,,,,,10.19818182,10.43,,
Average transaction cost of sending remittances to a specific country (%),SI.RMT.COST.IB.ZS,Northern Mariana Islands,MNP,,,,,,,,,,,,,,,,,,,,,,,,,,,,,,,,,,,,,,,,,,,,,,,,,,,,,,,,,,,,
Average transaction cost of sending remittances to a specific country (%),SI.RMT.COST.IB.ZS,Norway,NOR,,,,,,,,,,,,,,,,,,,,,,,,,,,,,,,,,,,,,,,,,,,,,,,,,,,,,,,,,,,,
Average transaction cost of sending remittances to a specific country (%),SI.RMT.COST.IB.ZS,Oman,OMN,,,,,,,,,,,,,,,,,,,,,,,,,,,,,,,,,,,,,,,,,,,,,,,,,,,,,,,,,,,,
Average transaction cost of sending remittances to a specific country (%),SI.RMT.COST.IB.ZS,Pakistan,PAK,,,,,,,,,,,,,,,,,,,,,,,,,,,,,,,,,,,,,,,,,,,,,,,,,,,,6.58771262,5.794821889,5.84,4.556748924,5.389386047,4.752615919,4.75944,,
Average transaction cost of sending remittances to a specific country (%),SI.RMT.COST.IB.ZS,Palau,PLW,,,,,,,,,,,,,,,,,,,,,,,,,,,,,,,,,,,,,,,,,,,,,,,,,,,,,,,,,,,,
Average transaction cost of sending remittances to a specific country (%),SI.RMT.COST.IB.ZS,Panama,PAN,,,,,,,,,,,,,,,,,,,,,,,,,,,,,,,,,,,,,,,,,,,,,,,,,,,,5.448,5.289583333,4.86,5.082083333,4.691153846,4.8495,4.95,,
Average transaction cost of sending remittances to a specific country (%),SI.RMT.COST.IB.ZS,Papua New Guinea,PNG,,,,,,,,,,,,,,,,,,,,,,,,,,,,,,,,,,,,,,,,,,,,,,,,,,,,16.86776925,,,,,,,,
Average transaction cost of sending remittances to a specific country (%),SI.RMT.COST.IB.ZS,Paraguay,PRY,,,,,,,,,,,,,,,,,,,,,,,,,,,,,,,,,,,,,,,,,,,,,,,,,,,,11.56582592,6.14252685,5.94,6.989329227,7.07450134,5.869786508,5.364444444,,
Average transaction cost of sending remittances to a specific country (%),SI.RMT.COST.IB.ZS,Peru,PER,,,,,,,,,,,,,,,,,,,,,,,,,,,,,,,,,,,,,,,,,,,,,,,,,,,,4.994088021,5.856370252,5.8,5.011910274,6.03392943,5.024791272,4.629111111,,
Average transaction cost of sending remittances to a specific country (%),SI.RMT.COST.IB.ZS,Philippines,PHL,,,,,,,,,,,,,,,,,,,,,,,,,,,,,,,,,,,,,,,,,,,,,,,,,,,,6.158081641,6.526390388,7.04,5.780840165,6.248534964,5.727136987,5.462566372,,
Average transaction cost of sending remittances to a specific country (%),SI.RMT.COST.IB.ZS,Poland,POL,,,,,,,,,,,,,,,,,,,,,,,,,,,,,,,,,,,,,,,,,,,,,,,,,,,,7.183079433,7.075954038,7.33,7.018137106,6.634906492,5.950017064,5.738181818,,
Average transaction cost of sending remittances to a specific country (%),SI.RMT.COST.IB.ZS,Portugal,PRT,,,,,,,,,,,,,,,,,,,,,,,,,,,,,,,,,,,,,,,,,,,,,,,,,,,,,,,,,,,,
Average transaction cost of sending remittances to a specific country (%),SI.RMT.COST.IB.ZS,Puerto Rico,PRI,,,,,,,,,,,,,,,,,,,,,,,,,,,,,,,,,,,,,,,,,,,,,,,,,,,,,,,,,,,,
Average transaction cost of sending remittances to a specific country (%),SI.RMT.COST.IB.ZS,Qatar,QAT,,,,,,,,,,,,,,,,,,,,,,,,,,,,,,,,,,,,,,,,,,,,,,,,,,,,,,,,,,,,
Average transaction cost of sending remittances to a specific country (%),SI.RMT.COST.IB.ZS,Romania,ROU,,,,,,,,,,,,,,,,,,,,,,,,,,,,,,,,,,,,,,,,,,,,,,,,,,,,7.050972247,6.876138762,7.31,6.63637022,6.060206903,5.640348054,5.075903614,,
Average transaction cost of sending remittances to a specific country (%),SI.RMT.COST.IB.ZS,Russian Federation,RUS,,,,,,,,,,,,,,,,,,,,,,,,,,,,,,,,,,,,,,,,,,,,,,,,,,,,,,,,,,,,
Average transaction cost of sending remittances to a specific country (%),SI.RMT.COST.IB.ZS,Rwanda,RWA,,,,,,,,,,,,,,,,,,,,,,,,,,,,,,,,,,,,,,,,,,,,,,,,,,,,16.59449902,14.86573038,15.03,12.91562464,13.84236702,13.35277736,11.54241379,,
Average transaction cost of sending remittances to a specific country (%),SI.RMT.COST.IB.ZS,Samoa,WSM,,,,,,,,,,,,,,,,,,,,,,,,,,,,,,,,,,,,,,,,,,,,,,,,,,,,10.68579457,11.65788538,11.16,10.51039982,8.484003823,10.5645593,10.48138889,,
Average transaction cost of sending remittances to a specific country (%),SI.RMT.COST.IB.ZS,San Marino,SMR,,,,,,,,,,,,,,,,,,,,,,,,,,,,,,,,,,,,,,,,,,,,,,,,,,,,,,,,,,,,
Average transaction cost of sending remittances to a specific country (%),SI.RMT.COST.IB.ZS,Sao Tome and Principe,STP,,,,,,,,,,,,,,,,,,,,,,,,,,,,,,,,,,,,,,,,,,,,,,,,,,,,,,,,,,,,
Average transaction cost of sending remittances to a specific country (%),SI.RMT.COST.IB.ZS,Saudi Arabia,SAU,,,,,,,,,,,,,,,,,,,,,,,,,,,,,,,,,,,,,,,,,,,,,,,,,,,,,,,,,,,,
Average transaction cost of sending remittances to a specific country (%),SI.RMT.COST.IB.ZS,Senegal,SEN,,,,,,,,,,,,,,,,,,,,,,,,,,,,,,,,,,,,,,,,,,,,,,,,,,,,9.887175863,9.952806122,8.77,9.086206897,5.577639752,5.345076841,5.08625,,
Average transaction cost of sending remittances to a specific country (%),SI.RMT.COST.IB.ZS,Serbia,SRB,,,,,,,,,,,,,,,,,,,,,,,,,,,,,,,,,,,,,,,,,,,,,,,,,,,,10.51800108,9.475296365,8.76,9.095963835,9.220911029,9.227906516,9.194864865,,
Average transaction cost of sending remittances to a specific country (%),SI.RMT.COST.IB.ZS,Seychelles,SYC,,,,,,,,,,,,,,,,,,,,,,,,,,,,,,,,,,,,,,,,,,,,,,,,,,,,,,,,,,,,
Average transaction cost of sending remittances to a specific country (%),SI.RMT.COST.IB.ZS,Sierra Leone,SLE,,,,,,,,,,,,,,,,,,,,,,,,,,,,,,,,,,,,,,,,,,,,,,,,,,,,8.048456172,7.500911907,8.11,7.736563674,5.247222222,7.487167493,8.309,,
Average transaction cost of sending remittances to a specific country (%),SI.RMT.COST.IB.ZS,Singapore,SGP,,,,,,,,,,,,,,,,,,,,,,,,,,,,,,,,,,,,,,,,,,,,,,,,,,,,,,,,,,,,
Average transaction cost of sending remittances to a specific country (%),SI.RMT.COST.IB.ZS,Sint Maarten (Dutch part),SXM,,,,,,,,,,,,,,,,,,,,,,,,,,,,,,,,,,,,,,,,,,,,,,,,,,,,,,,,,,,,
Average transaction cost of sending remittances to a specific country (%),SI.RMT.COST.IB.ZS,Slovak Republic,SVK,,,,,,,,,,,,,,,,,,,,,,,,,,,,,,,,,,,,,,,,,,,,,,,,,,,,,,,,,,,,
Average transaction cost of sending remittances to a specific country (%),SI.RMT.COST.IB.ZS,Slovenia,SVN,,,,,,,,,,,,,,,,,,,,,,,,,,,,,,,,,,,,,,,,,,,,,,,,,,,,,,,,,,,,
Average transaction cost of sending remittances to a specific country (%),SI.RMT.COST.IB.ZS,Solomon Islands,SLB,,,,,,,,,,,,,,,,,,,,,,,,,,,,,,,,,,,,,,,,,,,,,,,,,,,,19.33769669,,,,,,,,
Average transaction cost of sending remittances to a specific country (%),SI.RMT.COST.IB.ZS,Somalia,SOM,,,,,,,,,,,,,,,,,,,,,,,,,,,,,,,,,,,,,,,,,,,,,,,,,,,,8.965712366,6.030773876,5.65,6.037697133,6.513870828,7.650450769,8.424285714,,
Average transaction cost of sending remittances to a specific country (%),SI.RMT.COST.IB.ZS,South Africa,ZAF,,,,,,,,,,,,,,,,,,,,,,,,,,,,,,,,,,,,,,,,,,,,,,,,,,,,8.032655639,9.566434604,9.55,9.267852771,8.98407397,7.770220207,8.065,,
Average transaction cost of sending remittances to a specific country (%),SI.RMT.COST.IB.ZS,South Sudan,SSD,,,,,,,,,,,,,,,,,,,,,,,,,,,,,,,,,,,,,,,,,,,,,,,,,,,,,,,,,9.597294249,9.660952381,,
Average transaction cost of sending remittances to a specific country (%),SI.RMT.COST.IB.ZS,Spain,ESP,,,,,,,,,,,,,,,,,,,,,,,,,,,,,,,,,,,,,,,,,,,,,,,,,,,,,,,,,,,,
Average transaction cost of sending remittances to a specific country (%),SI.RMT.COST.IB.ZS,Sri Lanka,LKA,,,,,,,,,,,,,,,,,,,,,,,,,,,,,,,,,,,,,,,,,,,,,,,,,,,,5.590327746,5.400449879,6.77,5.497592409,5.565788757,5.074163314,5.251463415,,
Average transaction cost of sending remittances to a specific country (%),SI.RMT.COST.IB.ZS,St. Kitts and Nevis,KNA,,,,,,,,,,,,,,,,,,,,,,,,,,,,,,,,,,,,,,,,,,,,,,,,,,,,,,,,,,,,
Average transaction cost of sending remittances to a specific country (%),SI.RMT.COST.IB.ZS,St. Lucia,LCA,,,,,,,,,,,,,,,,,,,,,,,,,,,,,,,,,,,,,,,,,,,,,,,,,,,,,,,,,,,,
Average transaction cost of sending remittances to a specific country (%),SI.RMT.COST.IB.ZS,St. Martin (French part),MAF,,,,,,,,,,,,,,,,,,,,,,,,,,,,,,,,,,,,,,,,,,,,,,,,,,,,,,,,,,,,
Average transaction cost of sending remittances to a specific country (%),SI.RMT.COST.IB.ZS,St. Vincent and the Grenadines,VCT,,,,,,,,,,,,,,,,,,,,,,,,,,,,,,,,,,,,,,,,,,,,,,,,,,,,,,,,,,,,
Average transaction cost of sending remittances to a specific country (%),SI.RMT.COST.IB.ZS,Sudan,SDN,,,,,,,,,,,,,,,,,,,,,,,,,,,,,,,,,,,,,,,,,,,,,,,,,,,,,,,,,4.089997617,4.903,,
Average transaction cost of sending remittances to a specific country (%),SI.RMT.COST.IB.ZS,Suriname,SUR,,,,,,,,,,,,,,,,,,,,,,,,,,,,,,,,,,,,,,,,,,,,,,,,,,,,8.686443637,8.032103933,6.37,7.348133161,6.497623996,7.58438187,5.562222222,,
Average transaction cost of sending remittances to a specific country (%),SI.RMT.COST.IB.ZS,Sweden,SWE,,,,,,,,,,,,,,,,,,,,,,,,,,,,,,,,,,,,,,,,,,,,,,,,,,,,,,,,,,,,
Average transaction cost of sending remittances to a specific country (%),SI.RMT.COST.IB.ZS,Switzerland,CHE,,,,,,,,,,,,,,,,,,,,,,,,,,,,,,,,,,,,,,,,,,,,,,,,,,,,,,,,,,,,
Average transaction cost of sending remittances to a specific country (%),SI.RMT.COST.IB.ZS,Syrian Arab Republic,SYR,,,,,,,,,,,,,,,,,,,,,,,,,,,,,,,,,,,,,,,,,,,,,,,,,,,,,,,,,2.346938776,4.611538462,,
Average transaction cost of sending remittances to a specific country (%),SI.RMT.COST.IB.ZS,Tajikistan,TJK,,,,,,,,,,,,,,,,,,,,,,,,,,,,,,,,,,,,,,,,,,,,,,,,,,,,2.645815296,2.193217893,2.13,1.728274752,1.500813008,5.254160415,4.614,,
Average transaction cost of sending remittances to a specific country (%),SI.RMT.COST.IB.ZS,Tanzania,TZA,,,,,,,,,,,,,,,,,,,,,,,,,,,,,,,,,,,,,,,,,,,,,,,,,,,,10.128952,12.82866031,10.67,10.50188395,9.616875812,11.9977233,10.60125,,
Average transaction cost of sending remittances to a specific country (%),SI.RMT.COST.IB.ZS,Thailand,THA,,,,,,,,,,,,,,,,,,,,,,,,,,,,,,,,,,,,,,,,,,,,,,,,,,,,7.615706652,7.62127523,4.96,5.142602061,7.64460177,9.703053273,9.166,,
Average transaction cost of sending remittances to a specific country (%),SI.RMT.COST.IB.ZS,Timor-Leste,TLS,,,,,,,,,,,,,,,,,,,,,,,,,,,,,,,,,,,,,,,,,,,,,,,,,,,,,,,,,,,,
Average transaction cost of sending remittances to a specific country (%),SI.RMT.COST.IB.ZS,Togo,TGO,,,,,,,,,,,,,,,,,,,,,,,,,,,,,,,,,,,,,,,,,,,,,,,,,,,,,,11.85,11.99209184,8.60357113,7.004301045,7.002857143,,
Average transaction cost of sending remittances to a specific country (%),SI.RMT.COST.IB.ZS,Tonga,TON,,,,,,,,,,,,,,,,,,,,,,,,,,,,,,,,,,,,,,,,,,,,,,,,,,,,11.9253241,11.56002372,11.99,11.47339736,8.343663078,10.28945374,9.545882353,,
Average transaction cost of sending remittances to a specific country (%),SI.RMT.COST.IB.ZS,Trinidad and Tobago,TTO,,,,,,,,,,,,,,,,,,,,,,,,,,,,,,,,,,,,,,,,,,,,,,,,,,,,,,,,,,,,
Average transaction cost of sending remittances to a specific country (%),SI.RMT.COST.IB.ZS,Tunisia,TUN,,,,,,,,,,,,,,,,,,,,,,,,,,,,,,,,,,,,,,,,,,,,,,,,,,,,8.794921834,8.779246557,8.8,8.945954983,6.085662935,8.575368852,8.482727273,,
Average transaction cost of sending remittances to a specific country (%),SI.RMT.COST.IB.ZS,Turkey,TUR,,,,,,,,,,,,,,,,,,,,,,,,,,,,,,,,,,,,,,,,,,,,,,,,,,,,8.762776252,7.753439146,7.95,6.908284854,6.952882322,7.400835726,6.837555556,,
Average transaction cost of sending remittances to a specific country (%),SI.RMT.COST.IB.ZS,Turkmenistan,TKM,,,,,,,,,,,,,,,,,,,,,,,,,,,,,,,,,,,,,,,,,,,,,,,,,,,,,,,,,,,,
Average transaction cost of sending remittances to a specific country (%),SI.RMT.COST.IB.ZS,Turks and Caicos Islands,TCA,,,,,,,,,,,,,,,,,,,,,,,,,,,,,,,,,,,,,,,,,,,,,,,,,,,,,,,,,,,,
Average transaction cost of sending remittances to a specific country (%),SI.RMT.COST.IB.ZS,Tuvalu,TUV,,,,,,,,,,,,,,,,,,,,,,,,,,,,,,,,,,,,,,,,,,,,,,,,,,,,12.32675815,,,,,,,,
Average transaction cost of sending remittances to a specific country (%),SI.RMT.COST.IB.ZS,Uganda,UGA,,,,,,,,,,,,,,,,,,,,,,,,,,,,,,,,,,,,,,,,,,,,,,,,,,,,14.73794757,13.7217115,13.79,12.29527016,12.77786447,11.99942601,10.63325,,
Average transaction cost of sending remittances to a specific country (%),SI.RMT.COST.IB.ZS,Ukraine,UKR,,,,,,,,,,,,,,,,,,,,,,,,,,,,,,,,,,,,,,,,,,,,,,,,,,,,6.324501966,7.606756232,6.17,5.642493207,4.730377037,5.49982621,6.790487805,,
Average transaction cost of sending remittances to a specific country (%),SI.RMT.COST.IB.ZS,United Arab Emirates,ARE,,,,,,,,,,,,,,,,,,,,,,,,,,,,,,,,,,,,,,,,,,,,,,,,,,,,,,,,,,,,
Average transaction cost of sending remittances to a specific country (%),SI.RMT.COST.IB.ZS,United Kingdom,GBR,,,,,,,,,,,,,,,,,,,,,,,,,,,,,,,,,,,,,,,,,,,,,,,,,,,,,,,,,,,,
Average transaction cost of sending remittances to a specific country (%),SI.RMT.COST.IB.ZS,United States,USA,,,,,,,,,,,,,,,,,,,,,,,,,,,,,,,,,,,,,,,,,,,,,,,,,,,,,,,,,,,,
Average transaction cost of sending remittances to a specific country (%),SI.RMT.COST.IB.ZS,Uruguay,URY,,,,,,,,,,,,,,,,,,,,,,,,,,,,,,,,,,,,,,,,,,,,,,,,,,,,,,,,,,,,
Average transaction cost of sending remittances to a specific country (%),SI.RMT.COST.IB.ZS,Uzbekistan,UZB,,,,,,,,,,,,,,,,,,,,,,,,,,,,,,,,,,,,,,,,,,,,,,,,,,,,2.234761905,2.144444444,2.07,1.736938892,1.667837398,1.777637398,1.664285714,,
Average transaction cost of sending remittances to a specific country (%),SI.RMT.COST.IB.ZS,Vanuatu,VUT,,,,,,,,,,,,,,,,,,,,,,,,,,,,,,,,,,,,,,,,,,,,,,,,,,,,13.79332426,10.78398684,12.47,14.74428436,15.74822107,14.93906005,16.6604,,
Average transaction cost of sending remittances to a specific country (%),SI.RMT.COST.IB.ZS,"Venezuela, RB",VEN,,,,,,,,,,,,,,,,,,,,,,,,,,,,,,,,,,,,,,,,,,,,,,,,,,,,,,,,,,,,
Average transaction cost of sending remittances to a specific country (%),SI.RMT.COST.IB.ZS,Vietnam,VNM,,,,,,,,,,,,,,,,,,,,,,,,,,,,,,,,,,,,,,,,,,,,,,,,,,,,8.876354368,8.70998983,8.78,7.669197123,7.861764008,7.948118914,7.64443787,,
Average transaction cost of sending remittances to a specific country (%),SI.RMT.COST.IB.ZS,Virgin Islands (U.S.),VIR,,,,,,,,,,,,,,,,,,,,,,,,,,,,,,,,,,,,,,,,,,,,,,,,,,,,,,,,,,,,
Average transaction cost of sending remittances to a specific country (%),SI.RMT.COST.IB.ZS,West Bank and Gaza,PSE,,,,,,,,,,,,,,,,,,,,,,,,,,,,,,,,,,,,,,,,,,,,,,,,,,,,,,,,,6.225952616,7.293846154,,
Average transaction cost of sending remittances to a specific country (%),SI.RMT.COST.IB.ZS,"Yemen, Rep.",YEM,,,,,,,,,,,,,,,,,,,,,,,,,,,,,,,,,,,,,,,,,,,,,,,,,,,,3.292737094,2.961377602,3.06,3.862528928,3.679660053,4.441697794,5.386666667,,
Average transaction cost of sending remittances to a specific country (%),SI.RMT.COST.IB.ZS,Zambia,ZMB,,,,,,,,,,,,,,,,,,,,,,,,,,,,,,,,,,,,,,,,,,,,,,,,,,,,14.2196366,15.04353077,17.1,16.36005414,15.74198186,15.71569544,15.16733333,,
Average transaction cost of sending remittances to a specific country (%),SI.RMT.COST.IB.ZS,Zimbabwe,ZWE,,,,,,,,,,,,,,,,,,,,,,,,,,,,,,,,,,,,,,,,,,,,,,,,,,,,13.70544375,13.19994311,12.2,13.90759151,11.88975925,11.36176062,11.23108108,,
Average transaction cost of sending remittances to a specific country (%),SI.RMT.COST.IB.ZS,Arab World,ARB,,,,,,,,,,,,,,,,,,,,,,,,,,,,,,,,,,,,,,,,,,,,,,,,,,,,,,,,,,,,
Average transaction cost of sending remittances to a specific country (%),SI.RMT.COST.IB.ZS,Caribbean small states,CSS,,,,,,,,,,,,,,,,,,,,,,,,,,,,,,,,,,,,,,,,,,,,,,,,,,,,,,,,,,,,
Average transaction cost of sending remittances to a specific country (%),SI.RMT.COST.IB.ZS,Central Europe and the Baltics,CEB,,,,,,,,,,,,,,,,,,,,,,,,,,,,,,,,,,,,,,,,,,,,,,,,,,,,,,,,,,,,
Average transaction cost of sending remittances to a specific country (%),SI.RMT.COST.IB.ZS,Early-demographic dividend,EAR,,,,,,,,,,,,,,,,,,,,,,,,,,,,,,,,,,,,,,,,,,,,,,,,,,,,,,,,,,,,
Average transaction cost of sending remittances to a specific country (%),SI.RMT.COST.IB.ZS,East Asia & Pacific,EAS,,,,,,,,,,,,,,,,,,,,,,,,,,,,,,,,,,,,,,,,,,,,,,,,,,,,,,,,,,,,
Average transaction cost of sending remittances to a specific country (%),SI.RMT.COST.IB.ZS,East Asia & Pacific (excluding high income),EAP,,,,,,,,,,,,,,,,,,,,,,,,,,,,,,,,,,,,,,,,,,,,,,,,,,,,,,,,,,,,
Average transaction cost of sending remittances to a specific country (%),SI.RMT.COST.IB.ZS,East Asia & Pacific (IDA & IBRD countries),TEA,,,,,,,,,,,,,,,,,,,,,,,,,,,,,,,,,,,,,,,,,,,,,,,,,,,,,,,,,,,,
Average transaction cost of sending remittances to a specific country (%),SI.RMT.COST.IB.ZS,Euro area,EMU,,,,,,,,,,,,,,,,,,,,,,,,,,,,,,,,,,,,,,,,,,,,,,,,,,,,,,,,,,,,
Average transaction cost of sending remittances to a specific country (%),SI.RMT.COST.IB.ZS,Europe & Central Asia,ECS,,,,,,,,,,,,,,,,,,,,,,,,,,,,,,,,,,,,,,,,,,,,,,,,,,,,,,,,,,,,
Average transaction cost of sending remittances to a specific country (%),SI.RMT.COST.IB.ZS,Europe & Central Asia (excluding high income),ECA,,,,,,,,,,,,,,,,,,,,,,,,,,,,,,,,,,,,,,,,,,,,,,,,,,,,,,,,,,,,
Average transaction cost of sending remittances to a specific country (%),SI.RMT.COST.IB.ZS,Europe & Central Asia (IDA & IBRD countries),TEC,,,,,,,,,,,,,,,,,,,,,,,,,,,,,,,,,,,,,,,,,,,,,,,,,,,,,,,,,,,,
Average transaction cost of sending remittances to a specific country (%),SI.RMT.COST.IB.ZS,European Union,EUU,,,,,,,,,,,,,,,,,,,,,,,,,,,,,,,,,,,,,,,,,,,,,,,,,,,,,,,,,,,,
Average transaction cost of sending remittances to a specific country (%),SI.RMT.COST.IB.ZS,Fragile and conflict affected situations,FCS,,,,,,,,,,,,,,,,,,,,,,,,,,,,,,,,,,,,,,,,,,,,,,,,,,,,,,,,,,,,
Average transaction cost of sending remittances to a specific country (%),SI.RMT.COST.IB.ZS,Heavily indebted poor countries (HIPC),HPC,,,,,,,,,,,,,,,,,,,,,,,,,,,,,,,,,,,,,,,,,,,,,,,,,,,,,,,,,,,,
Average transaction cost of sending remittances to a specific country (%),SI.RMT.COST.IB.ZS,High income,HIC,,,,,,,,,,,,,,,,,,,,,,,,,,,,,,,,,,,,,,,,,,,,,,,,,,,,,,,,,,,,
Average transaction cost of sending remittances to a specific country (%),SI.RMT.COST.IB.ZS,IBRD only,IBD,,,,,,,,,,,,,,,,,,,,,,,,,,,,,,,,,,,,,,,,,,,,,,,,,,,,,,,,,,,,
Average transaction cost of sending remittances to a specific country (%),SI.RMT.COST.IB.ZS,IDA & IBRD total,IBT,,,,,,,,,,,,,,,,,,,,,,,,,,,,,,,,,,,,,,,,,,,,,,,,,,,,,,,,,,,,
Average transaction cost of sending remittances to a specific country (%),SI.RMT.COST.IB.ZS,IDA blend,IDB,,,,,,,,,,,,,,,,,,,,,,,,,,,,,,,,,,,,,,,,,,,,,,,,,,,,,,,,,,,,
Average transaction cost of sending remittances to a specific country (%),SI.RMT.COST.IB.ZS,IDA only,IDX,,,,,,,,,,,,,,,,,,,,,,,,,,,,,,,,,,,,,,,,,,,,,,,,,,,,,,,,,,,,
Average transaction cost of sending remittances to a specific country (%),SI.RMT.COST.IB.ZS,IDA total,IDA,,,,,,,,,,,,,,,,,,,,,,,,,,,,,,,,,,,,,,,,,,,,,,,,,,,,,,,,,,,,
Average transaction cost of sending remittances to a specific country (%),SI.RMT.COST.IB.ZS,Late-demographic dividend,LTE,,,,,,,,,,,,,,,,,,,,,,,,,,,,,,,,,,,,,,,,,,,,,,,,,,,,,,,,,,,,
Average transaction cost of sending remittances to a specific country (%),SI.RMT.COST.IB.ZS,Latin America & Caribbean,LCN,,,,,,,,,,,,,,,,,,,,,,,,,,,,,,,,,,,,,,,,,,,,,,,,,,,,,,,,,,,,
Average transaction cost of sending remittances to a specific country (%),SI.RMT.COST.IB.ZS,Latin America & Caribbean (excluding high income),LAC,,,,,,,,,,,,,,,,,,,,,,,,,,,,,,,,,,,,,,,,,,,,,,,,,,,,,,,,,,,,
Average transaction cost of sending remittances to a specific country (%),SI.RMT.COST.IB.ZS,Latin America & the Caribbean (IDA & IBRD countries),TLA,,,,,,,,,,,,,,,,,,,,,,,,,,,,,,,,,,,,,,,,,,,,,,,,,,,,,,,,,,,,
Average transaction cost of sending remittances to a specific country (%),SI.RMT.COST.IB.ZS,Least developed countries: UN classification,LDC,,,,,,,,,,,,,,,,,,,,,,,,,,,,,,,,,,,,,,,,,,,,,,,,,,,,,,,,,,,,
Average transaction cost of sending remittances to a specific country (%),SI.RMT.COST.IB.ZS,Low & middle income,LMY,,,,,,,,,,,,,,,,,,,,,,,,,,,,,,,,,,,,,,,,,,,,,,,,,,,,,,,,,,,,
Average transaction cost of sending remittances to a specific country (%),SI.RMT.COST.IB.ZS,Low income,LIC,,,,,,,,,,,,,,,,,,,,,,,,,,,,,,,,,,,,,,,,,,,,,,,,,,,,,,,,,,,,
Average transaction cost of sending remittances to a specific country (%),SI.RMT.COST.IB.ZS,Lower middle income,LMC,,,,,,,,,,,,,,,,,,,,,,,,,,,,,,,,,,,,,,,,,,,,,,,,,,,,,,,,,,,,
Average transaction cost of sending remittances to a specific country (%),SI.RMT.COST.IB.ZS,Middle East & North Africa,MEA,,,,,,,,,,,,,,,,,,,,,,,,,,,,,,,,,,,,,,,,,,,,,,,,,,,,,,,,,,,,
Average transaction cost of sending remittances to a specific country (%),SI.RMT.COST.IB.ZS,Middle East & North Africa (excluding high income),MNA,,,,,,,,,,,,,,,,,,,,,,,,,,,,,,,,,,,,,,,,,,,,,,,,,,,,,,,,,,,,
Average transaction cost of sending remittances to a specific country (%),SI.RMT.COST.IB.ZS,Middle East & North Africa (IDA & IBRD countries),TMN,,,,,,,,,,,,,,,,,,,,,,,,,,,,,,,,,,,,,,,,,,,,,,,,,,,,,,,,,,,,
Average transaction cost of sending remittances to a specific country (%),SI.RMT.COST.IB.ZS,Middle income,MIC,,,,,,,,,,,,,,,,,,,,,,,,,,,,,,,,,,,,,,,,,,,,,,,,,,,,,,,,,,,,
Average transaction cost of sending remittances to a specific country (%),SI.RMT.COST.IB.ZS,North America,NAC,,,,,,,,,,,,,,,,,,,,,,,,,,,,,,,,,,,,,,,,,,,,,,,,,,,,,,,,,,,,
Average transaction cost of sending remittances to a specific country (%),SI.RMT.COST.IB.ZS,Not classified,INX,,,,,,,,,,,,,,,,,,,,,,,,,,,,,,,,,,,,,,,,,,,,,,,,,,,,,,,,,,,,
Average transaction cost of sending remittances to a specific country (%),SI.RMT.COST.IB.ZS,OECD members,OED,,,,,,,,,,,,,,,,,,,,,,,,,,,,,,,,,,,,,,,,,,,,,,,,,,,,,,,,,,,,
Average transaction cost of sending remittances to a specific country (%),SI.RMT.COST.IB.ZS,Other small states,OSS,,,,,,,,,,,,,,,,,,,,,,,,,,,,,,,,,,,,,,,,,,,,,,,,,,,,,,,,,,,,
Average transaction cost of sending remittances to a specific country (%),SI.RMT.COST.IB.ZS,Pacific island small states,PSS,,,,,,,,,,,,,,,,,,,,,,,,,,,,,,,,,,,,,,,,,,,,,,,,,,,,,,,,,,,,
Average transaction cost of sending remittances to a specific country (%),SI.RMT.COST.IB.ZS,Post-demographic dividend,PST,,,,,,,,,,,,,,,,,,,,,,,,,,,,,,,,,,,,,,,,,,,,,,,,,,,,,,,,,,,,
Average transaction cost of sending remittances to a specific country (%),SI.RMT.COST.IB.ZS,Pre-demographic dividend,PRE,,,,,,,,,,,,,,,,,,,,,,,,,,,,,,,,,,,,,,,,,,,,,,,,,,,,,,,,,,,,
Average transaction cost of sending remittances to a specific country (%),SI.RMT.COST.IB.ZS,Small states,SST,,,,,,,,,,,,,,,,,,,,,,,,,,,,,,,,,,,,,,,,,,,,,,,,,,,,,,,,,,,,
Average transaction cost of sending remittances to a specific country (%),SI.RMT.COST.IB.ZS,South Asia,SAS,,,,,,,,,,,,,,,,,,,,,,,,,,,,,,,,,,,,,,,,,,,,,,,,,,,,,,,,,,,,
Average transaction cost of sending remittances to a specific country (%),SI.RMT.COST.IB.ZS,South Asia (IDA & IBRD),TSA,,,,,,,,,,,,,,,,,,,,,,,,,,,,,,,,,,,,,,,,,,,,,,,,,,,,,,,,,,,,
Average transaction cost of sending remittances to a specific country (%),SI.RMT.COST.IB.ZS,Sub-Saharan Africa,SSF,,,,,,,,,,,,,,,,,,,,,,,,,,,,,,,,,,,,,,,,,,,,,,,,,,,,,,,,,,,,
Average transaction cost of sending remittances to a specific country (%),SI.RMT.COST.IB.ZS,Sub-Saharan Africa (excluding high income),SSA,,,,,,,,,,,,,,,,,,,,,,,,,,,,,,,,,,,,,,,,,,,,,,,,,,,,,,,,,,,,
Average transaction cost of sending remittances to a specific country (%),SI.RMT.COST.IB.ZS,Sub-Saharan Africa (IDA & IBRD countries),TSS,,,,,,,,,,,,,,,,,,,,,,,,,,,,,,,,,,,,,,,,,,,,,,,,,,,,,,,,,,,,
Average transaction cost of sending remittances to a specific country (%),SI.RMT.COST.IB.ZS,Upper middle income,UMC,,,,,,,,,,,,,,,,,,,,,,,,,,,,,,,,,,,,,,,,,,,,,,,,,,,,,,,,,,,,
Average transaction cost of sending remittances to a specific country (%),SI.RMT.COST.IB.ZS,World,WLD,,,,,,,,,,,,,,,,,,,,,,,,,,,,,,,,,,,,,,,,,,,,,,,,,,,,,,,,,,,,
,,,,,,,,,,,,,,,,,,,,,,,,,,,,,,,,,,,,,,,,,,,,,,,,,,,,,,,,,,,,,,,
,,,,,,,,,,,,,,,,,,,,,,,,,,,,,,,,,,,,,,,,,,,,,,,,,,,,,,,,,,,,,,,
,,,,,,,,,,,,,,,,,,,,,,,,,,,,,,,,,,,,,,,,,,,,,,,,,,,,,,,,,,,,,,,
Data from database: World Development Indicators,,,,,,,,,,,,,,,,,,,,,,,,,,,,,,,,,,,,,,,,,,,,,,,,,,,,,,,,,,,,,,,
Last Updated: 04/09/2020,,,,,,,,,,,,,,,,,,,,,,,,,,,,,,,,,,,,,,,,,,,,,,,,,,,,,,,,,,,,,,,
